case,material,run_label,f_hz,theta_deg,observation_distance_lambda_scale,truth_region,truth_region_reason,use_for_main_claim,use_for_caution_only,truth_region_TE,truth_region_reason_TE,use_for_main_claim_TE,use_for_caution_only_TE,truth_region_TM,truth_region_reason_TM,use_for_main_claim_TM,use_for_caution_only_TM,observation_distance_m,surface_reference_point_x_m,surface_reference_point_y_m,surface_reference_point_z_m,refl_plane_center_x_m,refl_plane_center_y_m,refl_plane_center_z_m,trans_plane_center_x_m,trans_plane_center_y_m,trans_plane_center_z_m,field_type_TE_refl,field_type_TE_trans,field_type_TM_refl,field_type_TM_trans,R_TE_real,R_TE_imag,R_TE_mag,R_TE_phase_deg,T_TE_real,T_TE_imag,T_TE_mag,T_TE_phase_deg,R_TM_real,R_TM_imag,R_TM_mag,R_TM_phase_deg,T_TM_real,T_TM_imag,T_TM_mag,T_TM_phase_deg
pec,pec,0.PEC__w_5000mm__l_5000mm__freq_6.24GHz,6240000000.0,10.0,5.0,main,TE and TM both classified as main.,True,False,main,"TE is validated through 60 deg under the PEC setup (w_plane=5000 mm, k_obs=5).",True,False,main,"TM is validated through 70 deg under the PEC setup (w_plane=5000 mm, k_obs=5).",True,False,0.2402183157051282,0.0,0.0,0.0,0.041713472764414866,0.0,-0.23656885972194452,0.041713472764414866,0.0,0.23656885972194452,scattered,total,scattered,total,1.008615715272655,-0.004593219508380779,1.008626173941774,-0.2609222412032346,-0.3252823239192389,-0.9547346063205846,1.0086261739417743,-108.81420482656765,-0.9710319513531113,0.01884394394759298,0.9712147778798111,178.88825187242807,-0.32683376881935083,-0.9145697525784844,0.9712147778798113,-109.66503071293631
pec,pec,0.PEC__w_5000mm__l_5000mm__freq_6.24GHz,6240000000.0,15.0,5.0,main,TE and TM both classified as main.,True,False,main,"TE is validated through 60 deg under the PEC setup (w_plane=5000 mm, k_obs=5).",True,False,main,"TM is validated through 70 deg under the PEC setup (w_plane=5000 mm, k_obs=5).",True,False,0.2402183157051282,0.0,0.0,0.0,0.06217307508693714,0.0,-0.23203307508724422,0.06217307508693714,0.0,0.23203307508724422,scattered,total,scattered,total,-0.6817486761281565,0.7374415710877463,1.0042914557890341,132.75271051435635,-0.3170296212315865,-0.9529394248495625,1.0042914557890346,-108.40156267365408,0.6708559749552648,-0.707490238694486,0.9749821418780754,-46.52247282714178,-0.29604980773561457,-0.9289481623432311,0.9749821418780757,-107.67674601515222
pec,pec,0.PEC__w_5000mm__l_5000mm__freq_6.24GHz,6240000000.0,20.0,5.0,main,TE and TM both classified as main.,True,False,main,"TE is validated through 60 deg under the PEC setup (w_plane=5000 mm, k_obs=5).",True,False,main,"TM is validated through 70 deg under the PEC setup (w_plane=5000 mm, k_obs=5).",True,False,0.2402183157051282,0.0,0.0,0.0,0.08215950276691868,0.0,-0.22573137864572865,0.08215950276691868,0.0,0.22573137864572865,scattered,total,scattered,total,0.6849313426077127,-0.7502161832656115,1.0158519900654943,-47.60458859808001,-0.32610829555430454,-0.9620855706696216,1.0158519900654943,-108.72459098391943,-0.6479747540131694,0.7216682012671513,0.9698846707514213,131.9201783122897,-0.31895990701352506,-0.9159371442825736,0.969884670751421,-109.19982407354973
pec,pec,0.PEC__w_5000mm__l_5000mm__freq_6.24GHz,6240000000.0,25.0,5.0,main,TE and TM both classified as main.,True,False,main,"TE is validated through 60 deg under the PEC setup (w_plane=5000 mm, k_obs=5).",True,False,main,"TM is validated through 70 deg under the PEC setup (w_plane=5000 mm, k_obs=5).",True,False,0.2402183157051282,0.0,0.0,0.0,0.10152064702157984,0.0,-0.21771173011238606,0.10152064702157984,0.0,0.21771173011238606,scattered,total,scattered,total,-1.033224208836119,0.11874090084840158,1.0400248397318756,173.44417561047703,-0.3478197270117403,-0.9801393292592601,1.0400248397318759,-109.53812695375197,1.0228419617669364,-0.10655951464503371,1.0283776586996725,-5.947609878312738,-0.3336173304684245,-0.9727590070123957,1.0283776586996725,-108.92991244254175
pec,pec,0.PEC__w_5000mm__l_5000mm__freq_6.24GHz,6240000000.0,30.0,5.0,main,TE and TM both classified as main.,True,False,main,"TE is validated through 60 deg under the PEC setup (w_plane=5000 mm, k_obs=5).",True,False,main,"TM is validated through 70 deg under the PEC setup (w_plane=5000 mm, k_obs=5).",True,False,0.2402183157051282,0.0,0.0,0.0,0.12010915785256408,0.0,-0.2080351638549514,0.12010915785256408,0.0,0.2080351638549514,scattered,total,scattered,total,0.33141759017515304,0.9125170905502883,0.9708372982245113,70.03945645282042,-0.33141759017514916,-0.9125170905502898,0.9708372982245115,-109.96054354717934,-0.35113005780645856,-0.9395216761859934,1.0029921722119797,-110.49236435537176,-0.3511300578064545,-0.9395216761859947,1.0029921722119797,-110.49236435537152
pec,pec,0.PEC__w_5000mm__l_5000mm__freq_6.24GHz,6240000000.0,35.0,5.0,main,TE and TM both classified as main.,True,False,main,"TE is validated through 60 deg under the PEC setup (w_plane=5000 mm, k_obs=5).",True,False,main,"TM is validated through 70 deg under the PEC setup (w_plane=5000 mm, k_obs=5).",True,False,0.2402183157051282,0.0,0.0,0.0,0.13778356546839798,0.0,-0.1967753243855142,0.13778356546839798,0.0,0.1967753243855142,scattered,total,scattered,total,1.0398862808259826,-0.08240442953206378,1.0431461868101706,-4.530861067536424,-0.3378002575746291,-0.986937157593732,1.0431461868102097,-108.89460308132936,-1.0116674650439677,0.1025823252098011,1.0168550502770475,174.21004039416928,-0.35034696289511097,-0.9545947825460334,1.0168550502770477,-110.15370161962612
pec,pec,0.PEC__w_5000mm__l_5000mm__freq_6.24GHz,6240000000.0,40.0,5.0,main,TE and TM both classified as main.,True,False,main,"TE is validated through 60 deg under the PEC setup (w_plane=5000 mm, k_obs=5).",True,False,main,"TM is validated through 70 deg under the PEC setup (w_plane=5000 mm, k_obs=5).",True,False,0.2402183157051282,0.0,0.0,0.0,0.15440935695502583,0.0,-0.1840179058813138,0.15440935695502583,0.0,0.1840179058813138,scattered,total,scattered,total,0.4965615649672002,-0.8338056178893315,0.9704664838243952,-59.224663522093785,-0.2781913807233293,-0.9297390773317709,0.9704664838243952,-106.65794372161822,-0.5034457740012823,0.8681756006492686,1.0035868277944209,120.10898847001094,-0.2988477221880562,-0.9580587455190199,1.0035868277944204,-107.3242917295135
pec,pec,0.PEC__w_5000mm__l_5000mm__freq_6.24GHz,6240000000.0,45.0,5.0,main,TE and TM both classified as main.,True,False,main,"TE is validated through 60 deg under the PEC setup (w_plane=5000 mm, k_obs=5).",True,False,main,"TM is validated through 70 deg under the PEC setup (w_plane=5000 mm, k_obs=5).",True,False,0.2402183157051282,0.0,0.0,0.0,0.1698600000003071,0.0,-0.1698600000003071,0.1698600000003071,0.0,0.1698600000003071,scattered,total,scattered,total,-0.30686127668769453,-0.9165191915779821,0.9665253600714052,-108.5111446928185,-0.30686127668768803,-0.9165191915779843,0.9665253600714053,-108.5111446928181,0.3336549483799612,0.9563256490606046,1.0128595024136473,70.76649798398971,-0.33365494837995446,-0.9563256490606075,1.0128595024136477,-109.23350201600988
pec,pec,0.PEC__w_5000mm__l_5000mm__freq_6.24GHz,6240000000.0,50.0,5.0,main,TE and TM both classified as main.,True,False,main,"TE is validated through 60 deg under the PEC setup (w_plane=5000 mm, k_obs=5).",True,False,main,"TM is validated through 70 deg under the PEC setup (w_plane=5000 mm, k_obs=5).",True,False,0.2402183157051282,0.0,0.0,0.0,0.18401790588131378,0.0,-0.15440935695502583,0.18401790588131378,0.0,0.15440935695502583,scattered,total,scattered,total,-0.9046230425659663,-0.44043886679470434,1.0061457372193698,-154.03968037279228,-0.2875518376934687,-0.964180058476537,1.0061457372193698,-106.60640017326678,0.9141371382259295,0.3982201256686486,0.9971088084915539,23.53909969331224,-0.3250813174322292,-0.9426283005660143,0.9971088084915537,-109.02762010716225
pec,pec,0.PEC__w_5000mm__l_5000mm__freq_6.24GHz,6240000000.0,55.0,5.0,main,TE and TM both classified as main.,True,False,main,"TE is validated through 60 deg under the PEC setup (w_plane=5000 mm, k_obs=5).",True,False,main,"TM is validated through 70 deg under the PEC setup (w_plane=5000 mm, k_obs=5).",True,False,0.2402183157051282,0.0,0.0,0.0,0.1967753243855142,0.0,-0.13778356546839798,0.1967753243855142,0.0,0.13778356546839798,scattered,total,scattered,total,-0.8070353872909178,0.5967393084169392,1.0036951322736045,143.51998260719637,-0.3778786075858042,-0.9298449744332344,1.0036951322736045,-112.11627537900708,0.836070605520537,-0.5529578958987713,1.0023854009572735,-33.47973469884731,-0.32826282013340446,-0.9471114047303719,1.0023854009572737,-109.11599268505074
pec,pec,0.PEC__w_5000mm__l_5000mm__freq_6.24GHz,6240000000.0,60.0,5.0,main,TE and TM both classified as main.,True,False,main,"TE is validated through 60 deg under the PEC setup (w_plane=5000 mm, k_obs=5).",True,False,main,"TM is validated through 70 deg under the PEC setup (w_plane=5000 mm, k_obs=5).",True,False,0.2402183157051282,0.0,0.0,0.0,0.20803516385495138,0.0,-0.12010915785256412,0.20803516385495138,0.0,0.12010915785256412,scattered,total,scattered,total,0.3471377788967474,1.017958339705711,1.0755202549993073,71.16991857668472,-0.3471377788967406,-1.0179583397057135,1.0755202549993075,-108.83008142331491,-0.3274379354496491,-0.949983813815296,1.0048307559398166,-109.01791426472138,-0.32743793544964295,-0.9499838138152981,1.0048307559398166,-109.01791426472101
pec,pec,0.PEC__w_5000mm__l_5000mm__freq_6.24GHz,6240000000.0,65.0,5.0,mixed,"Polarization split: TE=caution, TM=main. Use row-level results only as caution.",False,True,caution,TE 65 deg is near the PEC transmission limit; keep it out of main claims.,False,True,main,"TM is validated through 70 deg under the PEC setup (w_plane=5000 mm, k_obs=5).",True,False,0.2402183157051282,0.0,0.0,0.0,0.21771173011238606,0.0,-0.10152064702157984,0.21771173011238606,0.0,0.10152064702157984,scattered,total,scattered,total,0.8910045648807648,-0.6063374128736413,1.077744957255037,-34.235674275048126,-0.390674877715201,-1.0044437927583973,1.077744957255037,-111.25337171081887,-0.8522414715151937,0.5365144821499102,1.0070567587415165,147.80821401818602,-0.331344788041501,-0.9509857763209193,1.0070567587415165,-109.20948341758474
pec,pec,0.PEC__w_5000mm__l_5000mm__freq_6.24GHz,6240000000.0,70.0,5.0,mixed,"Polarization split: TE=exclude, TM=main. Main-use eligibility differs by polarization.",False,True,exclude,TE 70 deg is beyond the reliable PEC trust region for main use.,False,False,main,"TM is validated through 70 deg under the PEC setup (w_plane=5000 mm, k_obs=5).",True,False,0.2402183157051282,0.0,0.0,0.0,0.22573137864572865,0.0,-0.08215950276691872,0.22573137864572865,0.0,0.08215950276691872,scattered,total,scattered,total,-0.8715889884793547,-0.14350420871527822,0.883323736099887,-170.65032480914897,-0.29530014487757644,-0.8325014397541576,0.8833237360998871,-109.53032242330912,0.9788849333123046,0.1701357087726514,0.9935602005240586,9.859832960082134,-0.32380216327950484,-0.9393157249407251,0.9935602005240582,-109.020164654078
pec,pec,0.PEC__w_5000mm__l_5000mm__freq_6.5GHz,6500000000.0,10.0,5.0,main,TE and TM both classified as main.,True,False,main,"TE is validated through 60 deg under the PEC setup (w_plane=5000 mm, k_obs=5).",True,False,main,"TM is validated through 70 deg under the PEC setup (w_plane=5000 mm, k_obs=5).",True,False,0.23060958307692309,0.0,0.0,0.0,0.040044933853838276,0.0,-0.22710610533306677,0.040044933853838276,0.0,0.22710610533306677,scattered,scattered,scattered,scattered,0.29974213356700785,-0.9220659850421205,0.9695622865020059,-71.99186564332923,0.03048159953732632,0.009224888687490974,0.03184692264019447,16.837806844466137,-0.2752071706617075,0.9386721780515345,0.9781842590389778,106.34049005247189,0.0225451528241659,0.03776858964934134,0.043985796343425795,59.165812941128614
pec,pec,0.PEC__w_5000mm__l_5000mm__freq_6.5GHz,6500000000.0,15.0,5.0,main,TE and TM both classified as main.,True,False,main,"TE is validated through 60 deg under the PEC setup (w_plane=5000 mm, k_obs=5).",True,False,main,"TM is validated through 70 deg under the PEC setup (w_plane=5000 mm, k_obs=5).",True,False,0.23060958307692309,0.0,0.0,0.0,0.05968615208345966,0.0,-0.22275175208375447,0.05968615208345966,0.0,0.22275175208375447,scattered,scattered,scattered,scattered,0.499925972861227,0.8585444505238161,0.9934910929980629,59.78797916816584,0.00679136668806056,0.023688870406057154,0.02464315812972577,74.00292240944155,-0.4792135168434123,-0.844119574761427,0.970661347340484,-119.58392824886873,0.029419215772658883,0.012505699082378858,0.03196690110438096,23.029669300303457
pec,pec,0.PEC__w_5000mm__l_5000mm__freq_6.5GHz,6500000000.0,20.0,5.0,main,TE and TM both classified as main.,True,False,main,"TE is validated through 60 deg under the PEC setup (w_plane=5000 mm, k_obs=5).",True,False,main,"TM is validated through 70 deg under the PEC setup (w_plane=5000 mm, k_obs=5).",True,False,0.23060958307692309,0.0,0.0,0.0,0.07887312265624194,0.0,-0.21670212349989953,0.07887312265624194,0.0,0.21670212349989953,scattered,scattered,scattered,scattered,-0.5172178195779813,-0.8700990545933683,1.0122186708875087,-120.72875529931407,-0.011691779151339711,0.03265550016262555,0.03468543484800125,109.69909381988903,0.5114925628294957,0.8419179693810523,0.9851144649210061,58.71995748738982,0.015749680163478826,0.04125308350057886,0.044157324687503545,69.10404934936746
pec,pec,0.PEC__w_5000mm__l_5000mm__freq_6.5GHz,6500000000.0,25.0,5.0,main,TE and TM both classified as main.,True,False,main,"TE is validated through 60 deg under the PEC setup (w_plane=5000 mm, k_obs=5).",True,False,main,"TM is validated through 70 deg under the PEC setup (w_plane=5000 mm, k_obs=5).",True,False,0.23060958307692309,0.0,0.0,0.0,0.09745982114071665,0.0,-0.20900326090789065,0.09745982114071665,0.0,0.20900326090789065,scattered,scattered,scattered,scattered,-0.2015039278936247,0.9902143659394681,1.0105089427953924,101.502363493976,-0.010171866334070254,0.026098351223848786,0.0280105480367943,111.29341435893778,0.23468782110961206,-0.9818944558257975,1.0095519282130148,-76.55762374880736,-0.009519381595566612,-0.00810641360410519,0.012503302263115693,-139.58330228623245
pec,pec,0.PEC__w_5000mm__l_5000mm__freq_6.5GHz,6500000000.0,30.0,5.0,main,TE and TM both classified as main.,True,False,main,"TE is validated through 60 deg under the PEC setup (w_plane=5000 mm, k_obs=5).",True,False,main,"TM is validated through 70 deg under the PEC setup (w_plane=5000 mm, k_obs=5).",True,False,0.23060958307692309,0.0,0.0,0.0,0.11530479153846153,0.0,-0.1997137573007534,0.11530479153846153,0.0,0.1997137573007534,scattered,scattered,scattered,scattered,0.9770317097267723,-0.02563128745677689,0.9773678553688534,-1.502743282127374,0.022968290273227488,0.02563128745676738,0.034416642119281145,48.13636615304171,-1.0240169020690821,0.01156879120465392,1.0240822489688495,179.35273069146902,-0.024016902069082264,0.011568791204643998,0.026657991577246333,154.28017461107072
pec,pec,0.PEC__w_5000mm__l_5000mm__freq_6.5GHz,6500000000.0,35.0,5.0,main,TE and TM both classified as main.,True,False,main,"TE is validated through 60 deg under the PEC setup (w_plane=5000 mm, k_obs=5).",True,False,main,"TM is validated through 70 deg under the PEC setup (w_plane=5000 mm, k_obs=5).",True,False,0.23060958307692309,0.0,0.0,0.0,0.13227222284966206,0.0,-0.18890431141009367,0.13227222284966206,0.0,0.18890431141009367,scattered,scattered,scattered,scattered,0.268424499015439,-0.9720629566872147,1.0084434061637664,-74.56309449295098,-0.008266519392656992,-0.01888727897277119,0.020617096057991745,-113.63786837157221,-0.2593361403080419,0.9753956151649076,1.0092828343694353,104.88921639881383,-0.009240388280125,-0.0092562636621571,0.01307911283500687,-134.95082395624436
pec,pec,0.PEC__w_5000mm__l_5000mm__freq_6.5GHz,6500000000.0,40.0,5.0,main,TE and TM both classified as main.,True,False,main,"TE is validated through 60 deg under the PEC setup (w_plane=5000 mm, k_obs=5).",True,False,main,"TM is validated through 70 deg under the PEC setup (w_plane=5000 mm, k_obs=5).",True,False,0.23060958307692309,0.0,0.0,0.0,0.1482329826768248,0.0,-0.17665718964606128,0.1482329826768248,0.0,0.17665718964606128,scattered,scattered,scattered,scattered,-0.697349564573819,-0.6689283565313542,0.9663133867348799,-136.19169052115404,0.035619947185694674,0.06109562273118216,0.07072097110774582,59.756975350110444,0.6979855177827874,0.6981933049032362,0.987247524203636,45.00852707744707,0.01363641221749541,0.041767771583295074,0.04393743826396539,71.91908816216937
pec,pec,0.PEC__w_5000mm__l_5000mm__freq_6.5GHz,6500000000.0,45.0,5.0,main,TE and TM both classified as main.,True,False,main,"TE is validated through 60 deg under the PEC setup (w_plane=5000 mm, k_obs=5).",True,False,main,"TM is validated through 70 deg under the PEC setup (w_plane=5000 mm, k_obs=5).",True,False,0.23060958307692309,0.0,0.0,0.0,0.16306560000029482,0.0,-0.16306560000029482,0.16306560000029482,0.0,0.16306560000029482,scattered,scattered,scattered,scattered,-1.011501274858544,0.046321803791592245,1.0125613752000253,177.37796589307683,-0.011501274858544748,0.04632180379157606,0.04772828123740749,103.94403376926081,0.9861569272023473,-0.020145385171541224,0.9863626724551601,-1.1702853732873488,0.013843072797652277,0.020145385171525615,0.024443142355070155,55.50476539947599
pec,pec,0.PEC__w_5000mm__l_5000mm__freq_6.5GHz,6500000000.0,50.0,5.0,main,TE and TM both classified as main.,True,False,main,"TE is validated through 60 deg under the PEC setup (w_plane=5000 mm, k_obs=5).",True,False,main,"TM is validated through 70 deg under the PEC setup (w_plane=5000 mm, k_obs=5).",True,False,0.23060958307692309,0.0,0.0,0.0,0.17665718964606125,0.0,-0.1482329826768248,0.17665718964606125,0.0,0.1482329826768248,scattered,scattered,scattered,scattered,-0.6316888223781928,0.775547744681425,1.0002525044197552,129.1630461723186,0.0015119176614807588,0.05938536878675669,0.05940461195020293,88.54159714046563,0.6628853876745091,-0.7468187990397679,0.9985766649544667,-48.407352900416235,0.0015676390677925314,0.016975760216369297,0.01704798894798257,84.72394273508168
pec,pec,0.PEC__w_5000mm__l_5000mm__freq_6.5GHz,6500000000.0,55.0,5.0,main,TE and TM both classified as main.,True,False,main,"TE is validated through 60 deg under the PEC setup (w_plane=5000 mm, k_obs=5).",True,False,main,"TM is validated through 70 deg under the PEC setup (w_plane=5000 mm, k_obs=5).",True,False,0.23060958307692309,0.0,0.0,0.0,0.18890431141009367,0.0,-0.13227222284966206,0.18890431141009367,0.0,0.13227222284966206,scattered,scattered,scattered,scattered,0.22669873051713005,0.9263726578570438,0.9537078250927807,76.24902060795317,0.046346715578311506,-0.01019944875607865,0.04745573516262051,-12.41115801157257,-0.26249748613617735,-0.9639899585956238,0.9990903715385336,-105.23249727084357,0.0010244745170376454,0.015148266800018986,0.015182869790675839,86.13098840361664
pec,pec,0.PEC__w_5000mm__l_5000mm__freq_6.5GHz,6500000000.0,60.0,5.0,main,TE and TM both classified as main.,True,False,main,"TE is validated through 60 deg under the PEC setup (w_plane=5000 mm, k_obs=5).",True,False,main,"TM is validated through 70 deg under the PEC setup (w_plane=5000 mm, k_obs=5).",True,False,0.23060958307692309,0.0,0.0,0.0,0.19971375730075336,0.0,-0.11530479153846157,0.19971375730075336,0.0,0.11530479153846157,scattered,scattered,scattered,scattered,0.9832911696792446,-0.0893999165302164,0.9873468840507812,-5.194995855849062,0.01670883032075495,0.08939991653020808,0.09094795262289279,79.413566979234,-0.9998946222620017,0.02268887336608501,1.000152008748217,178.70010938228916,0.00010537773799828786,0.022688873366076504,0.022689118076503575,89.73389351988305
pec,pec,0.PEC__w_5000mm__l_5000mm__freq_6.5GHz,6500000000.0,65.0,5.0,mixed,"Polarization split: TE=caution, TM=main. Use row-level results only as caution.",False,True,caution,TE 65 deg is near the PEC transmission limit; keep it out of main claims.,False,True,main,"TM is validated through 70 deg under the PEC setup (w_plane=5000 mm, k_obs=5).",True,False,0.23060958307692309,0.0,0.0,0.0,0.20900326090789065,0.0,-0.09745982114071665,0.20900326090789065,0.0,0.09745982114071665,scattered,scattered,scattered,scattered,-0.3254887628814155,-0.9318416983855206,0.9870521189947803,-109.2541141929154,0.018855563399659665,0.1078307940260422,0.10946694666156229,80.0813981337967,0.24908273889616622,0.9692424977526769,1.0007363440316652,75.58760234537233,-0.0004246333417995365,0.02497565352077624,0.02497926304487045,90.97404275846073
pec,pec,0.PEC__w_5000mm__l_5000mm__freq_6.5GHz,6500000000.0,70.0,5.0,mixed,"Polarization split: TE=exclude, TM=main. Main-use eligibility differs by polarization.",False,True,exclude,TE 70 deg is beyond the reliable PEC trust region for main use.,False,False,main,"TM is validated through 70 deg under the PEC setup (w_plane=5000 mm, k_obs=5).",True,False,0.23060958307692309,0.0,0.0,0.0,0.21670212349989953,0.0,-0.07887312265624198,0.21670212349989953,0.0,0.07887312265624198,scattered,scattered,scattered,scattered,-0.49316896762566664,0.7771202355253779,0.9203974636492566,122.39965676237865,0.08133859659621719,-0.05650413248760404,0.09903880191328479,-34.786857824599366,0.4699231707488553,-0.8768828358566634,0.9948624499028406,-61.81305845960404,0.005210331300395068,0.012033672557105897,0.013113231008089508,66.58838646125311
pec,pec,0.PEC__w_5000mm__l_5000mm__freq_6.74GHz,6740000000.0,10.0,5.0,main,TE and TM both classified as main.,True,False,main,"TE is validated through 60 deg under the PEC setup (w_plane=5000 mm, k_obs=5).",True,False,main,"TM is validated through 70 deg under the PEC setup (w_plane=5000 mm, k_obs=5).",True,False,0.22239796587537092,0.0,0.0,0.0,0.03861900149109032,0.0,-0.21901924104820977,0.03861900149109032,0.0,0.21901924104820977,scattered,total,scattered,total,-0.7584159781216814,-0.6765103222293525,1.0162976984885526,-138.26690067707986,-0.4000331757314579,0.9342561052876953,1.0162976984885526,113.17981673755546,0.7791112095211478,0.6472222577163901,1.0128726117755416,39.71704665959143,-0.36568232408945306,0.9445567031859671,1.0128726117755416,111.16376407422675
pec,pec,0.PEC__w_5000mm__l_5000mm__freq_6.74GHz,6740000000.0,15.0,5.0,main,TE and TM both classified as main.,True,False,main,"TE is validated through 60 deg under the PEC setup (w_plane=5000 mm, k_obs=5).",True,False,main,"TM is validated through 70 deg under the PEC setup (w_plane=5000 mm, k_obs=5).",True,False,0.22239796587537092,0.0,0.0,0.0,0.057560829160606494,0.0,-0.21481993895317567,0.057560829160606494,0.0,0.21481993895317567,scattered,total,scattered,total,0.9934106351965913,-0.10092273325917206,0.998523954750309,-5.800899727390802,-0.3908733939440892,0.9188406162751113,0.9985239547503092,113.04482708459862,-0.9832104964112349,0.13567313913628834,0.992527118489123,172.14337574293216,-0.35551366526016587,0.9266715247322559,0.9925271184891228,110.9891025549216
pec,pec,0.PEC__w_5000mm__l_5000mm__freq_6.74GHz,6740000000.0,20.0,5.0,main,TE and TM both classified as main.,True,False,main,"TE is validated through 60 deg under the PEC setup (w_plane=5000 mm, k_obs=5).",True,False,main,"TM is validated through 70 deg under the PEC setup (w_plane=5000 mm, k_obs=5).",True,False,0.22239796587537092,0.0,0.0,0.0,0.07606458416403154,0.0,-0.20898572741088234,0.07606458416403154,0.0,0.20898572741088234,scattered,total,scattered,total,-0.9725589412840249,0.13109367338178698,0.9813543934136302,172.3232273392459,-0.35493335842079904,0.9149200820576437,0.9813543934136297,111.20322495340665,1.0170761893250357,-0.12165239420788006,1.0243257684489075,-6.820739316983694,-0.384701250389775,0.9493409439484787,1.0243257684489075,112.05925829717705
pec,pec,0.PEC__w_5000mm__l_5000mm__freq_6.74GHz,6740000000.0,25.0,5.0,main,TE and TM both classified as main.,True,False,main,"TE is validated through 60 deg under the PEC setup (w_plane=5000 mm, k_obs=5).",True,False,main,"TM is validated through 70 deg under the PEC setup (w_plane=5000 mm, k_obs=5).",True,False,0.22239796587537092,0.0,0.0,0.0,0.09398944175291665,0.0,-0.20156100829395981,0.09398944175291665,0.0,0.20156100829395981,scattered,total,scattered,total,0.8163508753118327,0.5452967458819444,0.9817215963254721,33.74167912609897,-0.3479653980957741,0.917985497935497,0.981721596325472,110.75937656186956,-0.79380661252535,-0.5621828483937278,0.9727170673515789,-144.6934410684323,-0.36948445387400797,0.8998109420664333,0.972717067351579,112.3242563673383
pec,pec,0.PEC__w_5000mm__l_5000mm__freq_6.74GHz,6740000000.0,30.0,5.0,main,TE and TM both classified as main.,True,False,main,"TE is validated through 60 deg under the PEC setup (w_plane=5000 mm, k_obs=5).",True,False,main,"TM is validated through 70 deg under the PEC setup (w_plane=5000 mm, k_obs=5).",True,False,0.22239796587537092,0.0,0.0,0.0,0.11119898293768544,0.0,-0.19260228819805592,0.11119898293768544,0.0,0.19260228819805592,scattered,total,scattered,total,0.3450120103724023,-0.9138240281632072,0.9767843373793608,-69.31609445558655,-0.3450120103723993,0.913824028163208,0.9767843373793603,110.68390554441328,-0.38169158941996195,0.8976400904564655,0.9754210380285164,113.03600939766173,-0.3816915894199591,0.8976400904564664,0.975421038028516,113.03600939766154
pec,pec,0.PEC__w_5000mm__l_5000mm__freq_6.74GHz,6740000000.0,35.0,5.0,main,TE and TM both classified as main.,True,False,main,"TE is validated through 60 deg under the PEC setup (w_plane=5000 mm, k_obs=5).",True,False,main,"TM is validated through 70 deg under the PEC setup (w_plane=5000 mm, k_obs=5).",True,False,0.22239796587537092,0.0,0.0,0.0,0.12756223271851683,0.0,-0.18217774839252354,0.12756223271851683,0.0,0.18217774839252354,scattered,total,scattered,total,-0.7797085130164407,-0.5762089532812894,0.969516437772887,-143.5353916063398,-0.3647691904871993,0.8982792220591219,0.969516437772887,112.10086637986437,0.8013554032898126,0.5754204664937915,0.986549134935362,35.6805778495303,-0.3586352581482222,0.9190538326206301,0.986549134935362,111.31683583573444
pec,pec,0.PEC__w_5000mm__l_5000mm__freq_6.74GHz,6740000000.0,40.0,5.0,main,TE and TM both classified as main.,True,False,main,"TE is validated through 60 deg under the PEC setup (w_plane=5000 mm, k_obs=5).",True,False,main,"TM is validated through 70 deg under the PEC setup (w_plane=5000 mm, k_obs=5).",True,False,0.22239796587537092,0.0,0.0,0.0,0.14295465688417822,0.0,-0.17036672591979202,0.14295465688417822,0.0,0.17036672591979202,scattered,total,scattered,total,-0.9772768236327647,0.32971385357871213,1.0313976998478667,161.3566234217646,-0.4182462428657182,0.942789104508628,1.0313976998478667,113.92334322223941,0.9515489327742963,-0.3211537079749513,1.004283364200544,-18.649860016326556,-0.40714711769220074,0.9180502710445082,1.0042833642005438,113.91685978414824
pec,pec,0.PEC__w_5000mm__l_5000mm__freq_6.74GHz,6740000000.0,45.0,5.0,main,TE and TM both classified as main.,True,False,main,"TE is validated through 60 deg under the PEC setup (w_plane=5000 mm, k_obs=5).",True,False,main,"TM is validated through 70 deg under the PEC setup (w_plane=5000 mm, k_obs=5).",True,False,0.22239796587537092,0.0,0.0,0.0,0.15725910979256918,0.0,-0.15725910979256918,0.15725910979256918,0.0,0.15725910979256918,scattered,total,scattered,total,-0.43247742463217975,0.8931511736784592,0.9923485989609154,115.83697376744384,-0.4324774246321218,0.8931511736784578,0.9923485989608889,115.83697376744085,0.3994263905057592,-0.9226403543890679,1.005388812837921,-66.59140913072973,-0.39942639050576073,0.9226403543890672,1.005388812837921,113.40859086927037
pec,pec,0.PEC__w_5000mm__l_5000mm__freq_6.74GHz,6740000000.0,50.0,5.0,main,TE and TM both classified as main.,True,False,main,"TE is validated through 60 deg under the PEC setup (w_plane=5000 mm, k_obs=5).",True,False,main,"TM is validated through 70 deg under the PEC setup (w_plane=5000 mm, k_obs=5).",True,False,0.22239796587537092,0.0,0.0,0.0,0.170366725919792,0.0,-0.14295465688417822,0.170366725919792,0.0,0.14295465688417822,scattered,total,scattered,total,0.3664615359503493,0.9080949209900825,0.9792499389119578,68.02346979260389,-0.42091066160847107,0.8841745629701137,0.9792499389119574,115.45674999212932,-0.41699980457555075,-0.9107933705778948,1.001715229446318,-114.60031423806204,-0.3887115174800543,0.9232208604028848,1.001715229446318,112.83296596146339
pec,pec,0.PEC__w_5000mm__l_5000mm__freq_6.74GHz,6740000000.0,55.0,5.0,main,TE and TM both classified as main.,True,False,main,"TE is validated through 60 deg under the PEC setup (w_plane=5000 mm, k_obs=5).",True,False,main,"TM is validated through 70 deg under the PEC setup (w_plane=5000 mm, k_obs=5).",True,False,0.22239796587537092,0.0,0.0,0.0,0.18217774839252354,0.0,-0.12756223271851683,0.18217774839252354,0.0,0.12756223271851683,scattered,total,scattered,total,1.034066176644772,0.17384995150943294,1.0485784011320132,9.54347035645783,-0.4249433905513573,0.9586134664958997,1.0485784011320132,113.90721237025426,-0.9964816428052957,-0.142650965834513,1.0066404335717198,-171.8531942000935,-0.38539581990863875,0.9299435598456544,1.0066404335717198,112.51054781370291
pec,pec,0.PEC__w_5000mm__l_5000mm__freq_6.74GHz,6740000000.0,60.0,5.0,main,TE and TM both classified as main.,True,False,main,"TE is validated through 60 deg under the PEC setup (w_plane=5000 mm, k_obs=5).",True,False,main,"TM is validated through 70 deg under the PEC setup (w_plane=5000 mm, k_obs=5).",True,False,0.22239796587537092,0.0,0.0,0.0,0.1926022881980559,0.0,-0.11119898293768549,0.1926022881980559,0.0,0.11119898293768549,scattered,total,scattered,total,0.365992598599882,-0.8576713233750658,0.9324970140273002,-66.89068726797287,-0.36599259859988426,0.8576713233750648,0.9324970140273002,113.10931273202729,-0.38063910624207214,0.918686510998186,0.9944199488600295,112.50567946470645,-0.38063910624207453,0.9186865109981851,0.9944199488600296,112.50567946470659
pec,pec,0.PEC__w_5000mm__l_5000mm__freq_6.74GHz,6740000000.0,65.0,5.0,mixed,"Polarization split: TE=caution, TM=main. Use row-level results only as caution.",False,True,caution,TE 65 deg is near the PEC transmission limit; keep it out of main claims.,False,True,main,"TM is validated through 70 deg under the PEC setup (w_plane=5000 mm, k_obs=5).",True,False,0.22239796587537092,0.0,0.0,0.0,0.20156100829395981,0.0,-0.09398944175291665,0.20156100829395981,0.0,0.09398944175291665,scattered,total,scattered,total,-0.9133971306975787,-0.12266537289849609,0.9215970443067276,-172.35118300711915,-0.32472472471192093,0.8624934580828216,0.9215970443067277,110.63111955710991,0.9808651311832216,0.16030658757496133,0.9938785678295952,9.282008952571138,-0.3765605029693466,0.9197808408498624,0.9938785678295952,112.26431151680019
pec,pec,0.PEC__w_5000mm__l_5000mm__freq_6.74GHz,6740000000.0,70.0,5.0,mixed,"Polarization split: TE=exclude, TM=main. Main-use eligibility differs by polarization.",False,True,exclude,TE 70 deg is beyond the reliable PEC trust region for main use.,False,False,main,"TM is validated through 70 deg under the PEC setup (w_plane=5000 mm, k_obs=5).",True,False,0.22239796587537092,0.0,0.0,0.0,0.20898572741088234,0.0,-0.07606458416403158,0.20898572741088234,0.0,0.07606458416403158,scattered,total,scattered,total,0.523512855005906,0.8358391613654981,0.9862519014068433,57.93976726147619,-0.4790439892102578,0.8620960906013527,0.986251901406843,119.05976964731593,-0.617930401050448,-0.7867187266508024,1.000382094704532,-128.14796092125044,-0.3904310292672233,0.9210472011741658,1.0003820947045323,112.9720414645893
slab_concrete,concrete,2.concrete__w_5000mm__l_5000mm__freq_6.24GHz,6240000000.0,10.0,5.0,main,TE and TM both classified as main.,True,False,main,"TE is validated through 60 deg under the PEC setup (w_plane=5000 mm, k_obs=5).",True,False,main,"TM is validated through 70 deg under the PEC setup (w_plane=5000 mm, k_obs=5).",True,False,0.2402183157051282,0.0,0.0,0.0,0.041713472764414866,0.0,-0.23656885972194452,0.041713472764414866,0.0,0.23656885972194452,scattered,total,scattered,total,0.4199401262109483,-0.02607331517527526,0.42074876989279053,-3.552829633566212,-0.4987086058010809,-0.944211893010704,1.0678231934187021,-117.84186999557802,-0.3795412161704603,0.034028600751920074,0.3810636173151219,174.87671951280927,-0.4968032890491841,-0.9159432073284939,1.0420007039639154,-118.47519604432276
slab_concrete,concrete,2.concrete__w_5000mm__l_5000mm__freq_6.24GHz,6240000000.0,15.0,5.0,main,TE and TM both classified as main.,True,False,main,"TE is validated through 60 deg under the PEC setup (w_plane=5000 mm, k_obs=5).",True,False,main,"TM is validated through 70 deg under the PEC setup (w_plane=5000 mm, k_obs=5).",True,False,0.2402183157051282,0.0,0.0,0.0,0.06217307508693714,0.0,-0.23203307508724422,0.06217307508693714,0.0,0.23203307508724422,scattered,total,scattered,total,-0.2732254903548652,0.32453705216969064,0.424236333675758,130.0937929233643,-0.4867992023357748,-0.9201218546327272,1.0409599851903608,-117.88150366308055,0.2489291311738612,-0.2851202141085076,0.37849603543531946,-48.876852912967536,-0.4713116544191079,-0.90609286980868,1.0213417470706883,-117.48156698345026
slab_concrete,concrete,2.concrete__w_5000mm__l_5000mm__freq_6.24GHz,6240000000.0,20.0,5.0,main,TE and TM both classified as main.,True,False,main,"TE is validated through 60 deg under the PEC setup (w_plane=5000 mm, k_obs=5).",True,False,main,"TM is validated through 70 deg under the PEC setup (w_plane=5000 mm, k_obs=5).",True,False,0.2402183157051282,0.0,0.0,0.0,0.08215950276691868,0.0,-0.22573137864572865,0.08215950276691868,0.0,0.22573137864572865,scattered,total,scattered,total,0.2836409618252195,-0.3368198188957786,0.4403405337078574,-49.89877201393222,-0.4827308766935034,-0.8935383656612242,1.0155983016044337,-118.37997512053052,-0.22844038073933373,0.28197847040078,0.36290062733742323,129.01211246561516,-0.4778817267973549,-0.8607303439345172,0.9844936108357707,-119.03925032628266
slab_concrete,concrete,2.concrete__w_5000mm__l_5000mm__freq_6.24GHz,6240000000.0,25.0,5.0,main,TE and TM both classified as main.,True,False,main,"TE is validated through 60 deg under the PEC setup (w_plane=5000 mm, k_obs=5).",True,False,main,"TM is validated through 70 deg under the PEC setup (w_plane=5000 mm, k_obs=5).",True,False,0.2402183157051282,0.0,0.0,0.0,0.10152064702157984,0.0,-0.21771173011238606,0.10152064702157984,0.0,0.21771173011238606,scattered,total,scattered,total,-0.4583307436541435,0.07099179133830827,0.463796189091698,171.19530673075852,-0.4760823557566905,-0.8695760438608818,0.9913712248797533,-118.70017123833787,0.37914987340980605,-0.053084572418336216,0.38284800944436104,-7.970142493791777,-0.4768236381691372,-0.8593191813902271,0.9827462731661831,-119.02525307789027
slab_concrete,concrete,2.concrete__w_5000mm__l_5000mm__freq_6.24GHz,6240000000.0,30.0,5.0,main,TE and TM both classified as main.,True,False,main,"TE is validated through 60 deg under the PEC setup (w_plane=5000 mm, k_obs=5).",True,False,main,"TM is validated through 70 deg under the PEC setup (w_plane=5000 mm, k_obs=5).",True,False,0.2402183157051282,0.0,0.0,0.0,0.12010915785256408,0.0,-0.2080351638549514,0.12010915785256408,0.0,0.2080351638549514,scattered,total,scattered,total,0.156298925469916,0.39931216095300354,0.4288117955327346,68.62361163451925,-0.41835222610208544,-0.7897508449243426,0.8937141501303889,-117.91137002372928,-0.13492570892065803,-0.32426740209159505,0.3512183010422069,-112.59189990689899,-0.4442889223697117,-0.7882749982688855,0.9048591710516345,-119.4065529830076
slab_concrete,concrete,2.concrete__w_5000mm__l_5000mm__freq_6.24GHz,6240000000.0,35.0,5.0,main,TE and TM both classified as main.,True,False,main,"TE is validated through 60 deg under the PEC setup (w_plane=5000 mm, k_obs=5).",True,False,main,"TM is validated through 70 deg under the PEC setup (w_plane=5000 mm, k_obs=5).",True,False,0.2402183157051282,0.0,0.0,0.0,0.13778356546839798,0.0,-0.1967753243855142,0.13778356546839798,0.0,0.1967753243855142,scattered,total,scattered,total,0.48678868613920095,-0.047660873058693445,0.48911632949007783,-5.591935423970383,-0.3701889235734986,-0.8214435552388903,0.901004635715052,-114.25902069860679,-0.3199304306422357,0.04930583278078156,0.32370750006314775,171.2388337045958,-0.38052390942279213,-0.7817147824992918,0.8694115520398383,-115.95593928294389
slab_concrete,concrete,2.concrete__w_5000mm__l_5000mm__freq_6.24GHz,6240000000.0,40.0,5.0,main,TE and TM both classified as main.,True,False,main,"TE is validated through 60 deg under the PEC setup (w_plane=5000 mm, k_obs=5).",True,False,main,"TM is validated through 70 deg under the PEC setup (w_plane=5000 mm, k_obs=5).",True,False,0.2402183157051282,0.0,0.0,0.0,0.15440935695502583,0.0,-0.1840179058813138,0.15440935695502583,0.0,0.1840179058813138,scattered,total,scattered,total,0.232292115604518,-0.395116549143616,0.45834126410261417,-59.54839589057555,-0.2595601515309292,-0.7893125927218667,0.8308946029985237,-108.20310341964115,-0.13283520269554283,0.2627529224244032,0.29442195794086146,116.81895964467031,-0.2578215985952275,-0.7798979867232118,0.8214090615504053,-108.29304632896371
slab_concrete,concrete,2.concrete__w_5000mm__l_5000mm__freq_6.24GHz,6240000000.0,45.0,5.0,main,TE and TM both classified as main.,True,False,main,"TE is validated through 60 deg under the PEC setup (w_plane=5000 mm, k_obs=5).",True,False,main,"TM is validated through 70 deg under the PEC setup (w_plane=5000 mm, k_obs=5).",True,False,0.2402183157051282,0.0,0.0,0.0,0.1698600000003071,0.0,-0.1698600000003071,0.1698600000003071,0.0,0.1698600000003071,scattered,total,scattered,total,-0.16414503925670604,-0.44722151897585927,0.4763934098491083,-110.15480125130442,-0.21757370928454514,-0.8183218271503602,0.8467519895238154,-104.8892175940775,0.10684408702003485,0.24303613920186953,0.26548488448364677,66.2686424224768,-0.20383588403591413,-0.816650364657582,0.8417047497288251,-104.0146681598419
slab_concrete,concrete,2.concrete__w_5000mm__l_5000mm__freq_6.24GHz,6240000000.0,50.0,5.0,main,TE and TM both classified as main.,True,False,main,"TE is validated through 60 deg under the PEC setup (w_plane=5000 mm, k_obs=5).",True,False,main,"TM is validated through 70 deg under the PEC setup (w_plane=5000 mm, k_obs=5).",True,False,0.2402183157051282,0.0,0.0,0.0,0.18401790588131378,0.0,-0.15440935695502583,0.18401790588131378,0.0,0.15440935695502583,scattered,total,scattered,total,-0.4827662328280738,-0.2202897413268664,0.5306513032989438,-155.47244125097816,-0.16600102159473357,-0.9219155942099114,0.9367415342654074,-100.2073577054753,0.2120500566386468,0.053737791237397955,0.21875323249617928,14.22053627475766,-0.13590370558211315,-0.9001533850469353,0.9103548395007334,-98.5855815995454
slab_concrete,concrete,2.concrete__w_5000mm__l_5000mm__freq_6.24GHz,6240000000.0,55.0,5.0,main,TE and TM both classified as main.,True,False,main,"TE is validated through 60 deg under the PEC setup (w_plane=5000 mm, k_obs=5).",True,False,main,"TM is validated through 70 deg under the PEC setup (w_plane=5000 mm, k_obs=5).",True,False,0.2402183157051282,0.0,0.0,0.0,0.1967753243855142,0.0,-0.13778356546839798,0.1967753243855142,0.0,0.13778356546839798,scattered,total,scattered,total,-0.43878851321565143,0.37136864200876885,0.5748478299493172,139.7570940526701,-0.25174722903828733,-0.9819622502838645,1.0137191565275894,-104.37931612703608,0.12901238913160282,-0.08919780317132163,0.1568452888678329,-34.659572454313555,-0.18396170760611594,-1.0201880773364231,1.0366415113262375,-100.22180777731475
slab_concrete,concrete,2.concrete__w_5000mm__l_5000mm__freq_6.24GHz,6240000000.0,60.0,5.0,main,TE and TM both classified as main.,True,False,main,"TE is validated through 60 deg under the PEC setup (w_plane=5000 mm, k_obs=5).",True,False,main,"TM is validated through 70 deg under the PEC setup (w_plane=5000 mm, k_obs=5).",True,False,0.2402183157051282,0.0,0.0,0.0,0.20803516385495138,0.0,-0.12010915785256412,0.20803516385495138,0.0,0.12010915785256412,scattered,total,scattered,total,0.24421099885163453,0.6299906499410464,0.6756679887143204,68.81156410244536,-0.28892342256791087,-1.110161791354592,1.1471425138543128,-104.58781680902456,-0.048955269708528204,-0.062340798988550154,0.07926533700657278,-128.14200163416348,-0.2579593231226958,-1.1439145515847946,1.172639549782183,-102.70796223086835
slab_concrete,concrete,2.concrete__w_5000mm__l_5000mm__freq_6.24GHz,6240000000.0,65.0,5.0,mixed,"Polarization split: TE=caution, TM=main. Use row-level results only as caution.",False,True,caution,TE 65 deg is near the PEC transmission limit; keep it out of main claims.,False,True,main,"TM is validated through 70 deg under the PEC setup (w_plane=5000 mm, k_obs=5).",True,False,0.2402183157051282,0.0,0.0,0.0,0.21771173011238606,0.0,-0.10152064702157984,0.21771173011238606,0.0,0.10152064702157984,scattered,total,scattered,total,0.5846678586787052,-0.4442843692380293,0.7343194847756499,-37.23090771951509,-0.41506194507729277,-1.0946726653260141,1.170719719857535,-110.76499170328854,0.009132030003438553,-0.008193619758893636,0.012269041394380986,-41.899714470711004,-0.4311755672599229,-1.1499511969342548,1.22812870869972,-110.5535932523991
slab_concrete,concrete,2.concrete__w_5000mm__l_5000mm__freq_6.24GHz,6240000000.0,70.0,5.0,mixed,"Polarization split: TE=exclude, TM=main. Main-use eligibility differs by polarization.",False,True,exclude,TE 70 deg is beyond the reliable PEC trust region for main use.,False,False,main,"TM is validated through 70 deg under the PEC setup (w_plane=5000 mm, k_obs=5).",True,False,0.2402183157051282,0.0,0.0,0.0,0.22573137864572865,0.0,-0.08215950276691872,0.22573137864572865,0.0,0.08215950276691872,scattered,total,scattered,total,-0.6156697701570552,-0.07913458387707514,0.6207346842658616,-172.67569513526996,-0.3721332454294192,-0.8794169516846564,0.954912209192115,-112.93609165522267,-0.010325257228352749,-0.026815806219489993,0.028734968244856107,-111.0588861326763,-0.46436077297005257,-0.9435255236347031,1.0516041751645366,-116.20433416947716
slab_concrete,concrete,2.concrete__w_5000mm__l_5000mm__freq_6.5GHz,6500000000.0,10.0,5.0,main,TE and TM both classified as main.,True,False,main,"TE is validated through 60 deg under the PEC setup (w_plane=5000 mm, k_obs=5).",True,False,main,"TM is validated through 70 deg under the PEC setup (w_plane=5000 mm, k_obs=5).",True,False,0.23060958307692309,0.0,0.0,0.0,0.040044933853838276,0.0,-0.22710610533306677,0.040044933853838276,0.0,0.22710610533306677,scattered,scattered,scattered,scattered,0.09143427958940367,-0.35871057833284,0.37018037021418865,-75.69998504680855,0.09037342710193959,0.15743745393112277,0.18153211348536652,60.142991196724836,-0.07159133063602789,0.35815398410007915,0.3652390928542519,101.30386156332511,0.08910494887915618,0.17902416654116862,0.19997335852687256,63.539284662464524
slab_concrete,concrete,2.concrete__w_5000mm__l_5000mm__freq_6.5GHz,6500000000.0,15.0,5.0,main,TE and TM both classified as main.,True,False,main,"TE is validated through 60 deg under the PEC setup (w_plane=5000 mm, k_obs=5).",True,False,main,"TM is validated through 70 deg under the PEC setup (w_plane=5000 mm, k_obs=5).",True,False,0.23060958307692309,0.0,0.0,0.0,0.05968615208345966,0.0,-0.22275175208375447,0.05968615208345966,0.0,0.22275175208375447,scattered,scattered,scattered,scattered,0.22528934716241825,0.32269334229222735,0.39355594660047666,55.07906249611305,0.09515603683018209,0.15557188034385833,0.1823657898262466,58.547826232567935,-0.1977790367353885,-0.29726358888487864,0.3570464796755407,-123.63710144003585,0.11249698283688729,0.1512694430252354,0.18851529259072816,53.362331010206226
slab_concrete,concrete,2.concrete__w_5000mm__l_5000mm__freq_6.5GHz,6500000000.0,20.0,5.0,main,TE and TM both classified as main.,True,False,main,"TE is validated through 60 deg under the PEC setup (w_plane=5000 mm, k_obs=5).",True,False,main,"TM is validated through 70 deg under the PEC setup (w_plane=5000 mm, k_obs=5).",True,False,0.23060958307692309,0.0,0.0,0.0,0.07887312265624194,0.0,-0.21670212349989953,0.07887312265624194,0.0,0.21670212349989953,scattered,scattered,scattered,scattered,-0.2443740878983592,-0.3386419086788346,0.41760871297160357,-125.81533857241318,0.10673961946900486,0.1406193235952463,0.1765421777728273,52.79903228403135,0.2137884375615356,0.28715520047275933,0.3579994485939234,53.332137962837905,0.13097290671308845,0.15112786017007718,0.1999838303775127,49.086606669461595
slab_concrete,concrete,2.concrete__w_5000mm__l_5000mm__freq_6.5GHz,6500000000.0,25.0,5.0,main,TE and TM both classified as main.,True,False,main,"TE is validated through 60 deg under the PEC setup (w_plane=5000 mm, k_obs=5).",True,False,main,"TM is validated through 70 deg under the PEC setup (w_plane=5000 mm, k_obs=5).",True,False,0.23060958307692309,0.0,0.0,0.0,0.09745982114071665,0.0,-0.20900326090789065,0.09745982114071665,0.0,0.20900326090789065,scattered,scattered,scattered,scattered,-0.04931799619692993,0.43034438374020517,0.4331611170980348,96.53764582708706,0.12878212957693028,0.09932462198168261,0.1626352281339237,37.641597652859815,0.05943931703741255,-0.35842792816848745,0.36332301344812784,-80.5841371498681,0.13671610857178396,0.08474724699753312,0.16085207557464934,31.793844914858532
slab_concrete,concrete,2.concrete__w_5000mm__l_5000mm__freq_6.5GHz,6500000000.0,30.0,5.0,main,TE and TM both classified as main.,True,False,main,"TE is validated through 60 deg under the PEC setup (w_plane=5000 mm, k_obs=5).",True,False,main,"TM is validated through 70 deg under the PEC setup (w_plane=5000 mm, k_obs=5).",True,False,0.23060958307692309,0.0,0.0,0.0,0.11530479153846153,0.0,-0.1997137573007534,0.11530479153846153,0.0,0.1997137573007534,scattered,scattered,scattered,scattered,0.4306127888364758,-0.046492610244649894,0.43311538499213836,-6.1622675542354965,0.1632845499802936,0.04913540890879439,0.17051725036166115,16.74753448918943,-0.35815133181261216,0.03330428491581649,0.3596964718660745,174.6873763062267,0.1486403281376553,0.04548284032174201,0.15544335274498847,17.01372296713682
slab_concrete,concrete,2.concrete__w_5000mm__l_5000mm__freq_6.5GHz,6500000000.0,35.0,5.0,main,TE and TM both classified as main.,True,False,main,"TE is validated through 60 deg under the PEC setup (w_plane=5000 mm, k_obs=5).",True,False,main,"TM is validated through 70 deg under the PEC setup (w_plane=5000 mm, k_obs=5).",True,False,0.23060958307692309,0.0,0.0,0.0,0.13227222284966206,0.0,-0.18890431141009367,0.13227222284966206,0.0,0.18890431141009367,scattered,scattered,scattered,scattered,0.10248966108343574,-0.46441854779364466,0.4755930173622772,-77.55521538654754,0.13600982521300986,-0.038737524813830984,0.14141876955756497,-15.897703770545844,-0.053759403663368115,0.3286122313114556,0.33298058809746645,99.2910149774112,0.15608838228172886,-0.04553078171693987,0.16259346594215512,-16.26189736602787
slab_concrete,concrete,2.concrete__w_5000mm__l_5000mm__freq_6.5GHz,6500000000.0,40.0,5.0,main,TE and TM both classified as main.,True,False,main,"TE is validated through 60 deg under the PEC setup (w_plane=5000 mm, k_obs=5).",True,False,main,"TM is validated through 70 deg under the PEC setup (w_plane=5000 mm, k_obs=5).",True,False,0.23060958307692309,0.0,0.0,0.0,0.1482329826768248,0.0,-0.17665718964606128,0.1482329826768248,0.0,0.17665718964606128,scattered,scattered,scattered,scattered,-0.36698461311276653,-0.30501633088234176,0.4771924856558966,-140.26860582537776,0.13162138635281653,-0.03743816520836339,0.13684226525312312,-15.877782913849888,0.22442021794111972,0.197825711056654,0.29916458041655003,41.396074387201374,0.1373904123562618,-0.06079287021396968,0.15023947043395827,-23.868557521586425
slab_concrete,concrete,2.concrete__w_5000mm__l_5000mm__freq_6.5GHz,6500000000.0,45.0,5.0,main,TE and TM both classified as main.,True,False,main,"TE is validated through 60 deg under the PEC setup (w_plane=5000 mm, k_obs=5).",True,False,main,"TM is validated through 70 deg under the PEC setup (w_plane=5000 mm, k_obs=5).",True,False,0.23060958307692309,0.0,0.0,0.0,0.16306560000029482,0.0,-0.16306560000029482,0.16306560000029482,0.0,0.16306560000029482,scattered,scattered,scattered,scattered,-0.5323013761755686,0.04760375976033154,0.5344257413539543,174.88962818013113,0.035462113458865185,-0.08500076170915395,0.09210152540596599,-67.35421992109877,0.25574837319001675,-0.016912724000600666,0.2563069851222564,-3.783479823026159,0.059361765813606,-0.12676674880630895,0.13997724044797866,-64.90745731345987
slab_concrete,concrete,2.concrete__w_5000mm__l_5000mm__freq_6.5GHz,6500000000.0,50.0,5.0,main,TE and TM both classified as main.,True,False,main,"TE is validated through 60 deg under the PEC setup (w_plane=5000 mm, k_obs=5).",True,False,main,"TM is validated through 70 deg under the PEC setup (w_plane=5000 mm, k_obs=5).",True,False,0.23060958307692309,0.0,0.0,0.0,0.17665718964606125,0.0,-0.1482329826768248,0.17665718964606125,0.0,0.1482329826768248,scattered,scattered,scattered,scattered,-0.33298126193168176,0.4426361038311284,0.5538982227922534,126.95299670801916,-0.032243590058351805,-0.0687413325671025,0.07592772815613563,-115.12924529052721,0.1435420895418646,-0.16426641023379193,0.21814624681882816,-48.85183233064769,-0.04930206542685516,-0.12880265715246772,0.13791598219528456,-110.94545239217601
slab_concrete,concrete,2.concrete__w_5000mm__l_5000mm__freq_6.5GHz,6500000000.0,55.0,5.0,main,TE and TM both classified as main.,True,False,main,"TE is validated through 60 deg under the PEC setup (w_plane=5000 mm, k_obs=5).",True,False,main,"TM is validated through 70 deg under the PEC setup (w_plane=5000 mm, k_obs=5).",True,False,0.23060958307692309,0.0,0.0,0.0,0.18890431141009367,0.0,-0.13227222284966206,0.18890431141009367,0.0,0.13227222284966206,scattered,scattered,scattered,scattered,0.13198594283489734,0.5259896174407357,0.5422963827663506,75.913681609913,-0.05198360362639395,-0.07376645596171125,0.09024292255427636,-125.17255138074289,-0.07875540117255926,-0.1778603498048688,0.19451662460201452,-113.88344976036944,-0.11494210478682435,-0.09606309569909624,0.14979921831611484,-140.1127410612078
slab_concrete,concrete,2.concrete__w_5000mm__l_5000mm__freq_6.5GHz,6500000000.0,60.0,5.0,main,TE and TM both classified as main.,True,False,main,"TE is validated through 60 deg under the PEC setup (w_plane=5000 mm, k_obs=5).",True,False,main,"TM is validated through 70 deg under the PEC setup (w_plane=5000 mm, k_obs=5).",True,False,0.23060958307692309,0.0,0.0,0.0,0.19971375730075336,0.0,-0.11530479153846157,0.19971375730075336,0.0,0.11530479153846157,scattered,scattered,scattered,scattered,0.6016068565596898,-0.07884990681559671,0.6067521056118879,-7.466938321723877,-0.09006048301590659,0.09214834032442042,0.1288495526790978,134.34349953728744,-0.10907181517310617,-0.0101889567857973,0.10954668276830239,-174.6631955475886,-0.16449019781390362,0.07672590802692987,0.1815045182341587,154.99345725671236
slab_concrete,concrete,2.concrete__w_5000mm__l_5000mm__freq_6.5GHz,6500000000.0,65.0,5.0,mixed,"Polarization split: TE=caution, TM=main. Use row-level results only as caution.",False,True,caution,TE 65 deg is near the PEC transmission limit; keep it out of main claims.,False,True,main,"TM is validated through 70 deg under the PEC setup (w_plane=5000 mm, k_obs=5).",True,False,0.23060958307692309,0.0,0.0,0.0,0.20900326090789065,0.0,-0.09745982114071665,0.20900326090789065,0.0,0.09745982114071665,scattered,scattered,scattered,scattered,-0.2371706070906407,-0.6017045052507622,0.6467597765065539,-111.51260267927802,-0.03638606297427374,0.1716043090109014,0.17541945288330127,101.97138734721393,-0.009433119778938912,0.03910636863913757,0.0402279979231372,103.56164478253787,-0.08663426782700412,0.20292281638883886,0.22064262002863247,113.11919252823397
slab_concrete,concrete,2.concrete__w_5000mm__l_5000mm__freq_6.5GHz,6500000000.0,70.0,5.0,mixed,"Polarization split: TE=exclude, TM=main. Main-use eligibility differs by polarization.",False,True,exclude,TE 70 deg is beyond the reliable PEC trust region for main use.,False,False,main,"TM is validated through 70 deg under the PEC setup (w_plane=5000 mm, k_obs=5).",True,False,0.23060958307692309,0.0,0.0,0.0,0.21670212349989953,0.0,-0.07887312265624198,0.21670212349989953,0.0,0.07887312265624198,scattered,scattered,scattered,scattered,-0.34846781749487243,0.5451562197158953,0.6470124602544879,122.58700940004334,0.08606831163862964,0.028980329331691028,0.09081637383477466,18.609054267843064,-0.07166165935365705,0.0038030326929744053,0.07176250050676478,176.96220390443872,0.08692210088973529,0.12952569907401282,0.15598832758798667,56.13522983206769
slab_concrete,concrete,2.concrete__w_5000mm__l_5000mm__freq_6.74GHz,6740000000.0,10.0,5.0,main,TE and TM both classified as main.,True,False,main,"TE is validated through 60 deg under the PEC setup (w_plane=5000 mm, k_obs=5).",True,False,main,"TM is validated through 70 deg under the PEC setup (w_plane=5000 mm, k_obs=5).",True,False,0.22239796587537092,0.0,0.0,0.0,0.03861900149109032,0.0,-0.21901924104820977,0.03861900149109032,0.0,0.21901924104820977,scattered,total,scattered,total,-0.3128808719947242,-0.2669173707410446,0.41126551382712756,-139.53264317385467,-0.27484825365603033,0.8340175911276858,0.8781383176061713,108.23949674249474,0.315652354469937,0.2406893042076086,0.3969480445125753,37.32602367111663,-0.25115381083523075,0.8389218202172771,0.8757100302804167,106.66648521758682
slab_concrete,concrete,2.concrete__w_5000mm__l_5000mm__freq_6.74GHz,6740000000.0,15.0,5.0,main,TE and TM both classified as main.,True,False,main,"TE is validated through 60 deg under the PEC setup (w_plane=5000 mm, k_obs=5).",True,False,main,"TM is validated through 70 deg under the PEC setup (w_plane=5000 mm, k_obs=5).",True,False,0.22239796587537092,0.0,0.0,0.0,0.057560829160606494,0.0,-0.21481993895317567,0.057560829160606494,0.0,0.21481993895317567,scattered,total,scattered,total,0.40165576075279485,-0.04954893743628272,0.4047004414958934,-7.032574228354569,-0.2866710359300259,0.807486935410913,0.8568637194446397,109.54569246383132,-0.37167704702622373,0.06962772155598569,0.37814262771500856,169.38953700844993,-0.2627584526992512,0.8070555626612335,0.8487524289728687,108.03404013788145
slab_concrete,concrete,2.concrete__w_5000mm__l_5000mm__freq_6.74GHz,6740000000.0,20.0,5.0,main,TE and TM both classified as main.,True,False,main,"TE is validated through 60 deg under the PEC setup (w_plane=5000 mm, k_obs=5).",True,False,main,"TM is validated through 70 deg under the PEC setup (w_plane=5000 mm, k_obs=5).",True,False,0.22239796587537092,0.0,0.0,0.0,0.07606458416403154,0.0,-0.20898572741088234,0.07606458416403154,0.0,0.20898572741088234,scattered,total,scattered,total,-0.393612639042338,0.06909044841993646,0.3996303287749089,170.04434612612178,-0.2914152029742781,0.7878359167512886,0.8400049120379495,110.29909467306769,0.37903465163552186,-0.05893058453353613,0.3835884264858961,-8.837333453323982,-0.3063796858514651,0.8037926239741562,0.8602041003492727,110.86522443757542
slab_concrete,concrete,2.concrete__w_5000mm__l_5000mm__freq_6.74GHz,6740000000.0,25.0,5.0,main,TE and TM both classified as main.,True,False,main,"TE is validated through 60 deg under the PEC setup (w_plane=5000 mm, k_obs=5).",True,False,main,"TM is validated through 70 deg under the PEC setup (w_plane=5000 mm, k_obs=5).",True,False,0.22239796587537092,0.0,0.0,0.0,0.09398944175291665,0.0,-0.20156100829395981,0.09398944175291665,0.0,0.20156100829395981,scattered,total,scattered,total,0.3516981077248881,0.21104539897537608,0.4101606019670132,30.966934924619906,-0.32541382247727496,0.777399885391673,0.8427601898916783,112.71382376951003,-0.28262406504470633,-0.18477208752756616,0.33766416225547086,-146.82440973237757,-0.3355229042505282,0.757353640873593,0.8283478475985776,113.89430647627843
slab_concrete,concrete,2.concrete__w_5000mm__l_5000mm__freq_6.74GHz,6740000000.0,30.0,5.0,main,TE and TM both classified as main.,True,False,main,"TE is validated through 60 deg under the PEC setup (w_plane=5000 mm, k_obs=5).",True,False,main,"TM is validated through 70 deg under the PEC setup (w_plane=5000 mm, k_obs=5).",True,False,0.22239796587537092,0.0,0.0,0.0,0.11119898293768544,0.0,-0.19260228819805592,0.11119898293768544,0.0,0.19260228819805592,scattered,total,scattered,total,0.12503463286859873,-0.40134377652847014,0.42036946413211296,-72.69610035514599,-0.37203886088205074,0.7760079399549888,0.8605819175880931,115.61429921391554,-0.11309167854138837,0.30102505216760056,0.32156773747970324,110.59062677167981,-0.3950263109257477,0.7509172568766328,0.8484824765419332,117.74698985171993
slab_concrete,concrete,2.concrete__w_5000mm__l_5000mm__freq_6.74GHz,6740000000.0,35.0,5.0,main,TE and TM both classified as main.,True,False,main,"TE is validated through 60 deg under the PEC setup (w_plane=5000 mm, k_obs=5).",True,False,main,"TM is validated through 70 deg under the PEC setup (w_plane=5000 mm, k_obs=5).",True,False,0.22239796587537092,0.0,0.0,0.0,0.12756223271851683,0.0,-0.18217774839252354,0.12756223271851683,0.0,0.18217774839252354,scattered,total,scattered,total,-0.36177147032617296,-0.2357999223750742,0.43183353289670784,-146.9039938124695,-0.43613979136681874,0.7869091473985144,0.8996910157787221,118.99715534971519,0.26961960747263347,0.16239761963672011,0.31475024955886816,31.061449012825353,-0.43916679090422867,0.7800213517145922,0.8951540534253185,119.38033487423688
slab_concrete,concrete,2.concrete__w_5000mm__l_5000mm__freq_6.74GHz,6740000000.0,40.0,5.0,main,TE and TM both classified as main.,True,False,main,"TE is validated through 60 deg under the PEC setup (w_plane=5000 mm, k_obs=5).",True,False,main,"TM is validated through 70 deg under the PEC setup (w_plane=5000 mm, k_obs=5).",True,False,0.22239796587537092,0.0,0.0,0.0,0.14295465688417822,0.0,-0.17036672591979202,0.14295465688417822,0.0,0.17036672591979202,scattered,total,scattered,total,-0.4632862891253112,0.17919092452085272,0.49673289917433433,158.8544131182481,-0.5208834190053457,0.8634299679659185,1.0083803081061857,121.10141884323752,0.2555041257159381,-0.11446765993652318,0.2799735763053532,-24.132717934860853,-0.5422226336621299,0.8394131332614605,0.9993096580876815,122.86061790199726
slab_concrete,concrete,2.concrete__w_5000mm__l_5000mm__freq_6.74GHz,6740000000.0,45.0,5.0,main,TE and TM both classified as main.,True,False,main,"TE is validated through 60 deg under the PEC setup (w_plane=5000 mm, k_obs=5).",True,False,main,"TM is validated through 70 deg under the PEC setup (w_plane=5000 mm, k_obs=5).",True,False,0.22239796587537092,0.0,0.0,0.0,0.15725910979256918,0.0,-0.15725910979256918,0.15725910979256918,0.0,0.15725910979256918,scattered,total,scattered,total,-0.20133014248033862,0.45592623437465324,0.4983999974540577,113.82552937783707,-0.5459354582937297,0.8929237459364839,1.0465936846167319,121.44170330297703,0.07334368524396688,-0.26012220320146207,0.2702644200843848,-74.25374685565608,-0.561086873448832,0.9078683759052332,1.0672597938296895,121.71717117381509
slab_concrete,concrete,2.concrete__w_5000mm__l_5000mm__freq_6.74GHz,6740000000.0,50.0,5.0,main,TE and TM both classified as main.,True,False,main,"TE is validated through 60 deg under the PEC setup (w_plane=5000 mm, k_obs=5).",True,False,main,"TM is validated through 70 deg under the PEC setup (w_plane=5000 mm, k_obs=5).",True,False,0.22239796587537092,0.0,0.0,0.0,0.170366725919792,0.0,-0.14295465688417822,0.170366725919792,0.0,0.14295465688417822,scattered,total,scattered,total,0.21371401409145444,0.4809884224046353,0.5263302597289864,66.04334215359522,-0.511182744594528,0.9548598436471841,1.08308130783479,118.16230125178288,-0.1321728482124743,-0.19627999889472886,0.23663368266312496,-123.95590226951072,-0.5230898283470402,0.9988001504814992,1.1274860128276543,117.6418698165083
slab_concrete,concrete,2.concrete__w_5000mm__l_5000mm__freq_6.74GHz,6740000000.0,55.0,5.0,main,TE and TM both classified as main.,True,False,main,"TE is validated through 60 deg under the PEC setup (w_plane=5000 mm, k_obs=5).",True,False,main,"TM is validated through 70 deg under the PEC setup (w_plane=5000 mm, k_obs=5).",True,False,0.22239796587537092,0.0,0.0,0.0,0.18217774839252354,0.0,-0.12756223271851683,0.18217774839252354,0.0,0.12756223271851683,scattered,total,scattered,total,0.6203131421278306,0.08171958839986132,0.6256728261837371,7.504885835000814,-0.4483410164190568,1.058789254182903,1.149801875010152,112.95007737722122,-0.15501237608540278,0.013247263638091587,0.155577397887802,175.1154055971164,-0.44147206964079383,1.1010353939267639,1.1862447163011476,111.84885213954011
slab_concrete,concrete,2.concrete__w_5000mm__l_5000mm__freq_6.74GHz,6740000000.0,60.0,5.0,main,TE and TM both classified as main.,True,False,main,"TE is validated through 60 deg under the PEC setup (w_plane=5000 mm, k_obs=5).",True,False,main,"TM is validated through 70 deg under the PEC setup (w_plane=5000 mm, k_obs=5).",True,False,0.22239796587537092,0.0,0.0,0.0,0.1926022881980559,0.0,-0.11119898293768549,0.1926022881980559,0.0,0.11119898293768549,scattered,total,scattered,total,0.2103510834363888,-0.5335968048760285,0.573561791332694,-68.48496985318707,-0.32449537059081474,0.9520596781276586,1.005840383088396,108.8209127701964,-0.02758812666381512,0.13879025276159637,0.14150561470997014,101.24246618403939,-0.29297995077909866,1.0243275530409586,1.0654032980413572,105.96168100341097
slab_concrete,concrete,2.concrete__w_5000mm__l_5000mm__freq_6.74GHz,6740000000.0,65.0,5.0,mixed,"Polarization split: TE=caution, TM=main. Use row-level results only as caution.",False,True,caution,TE 65 deg is near the PEC transmission limit; keep it out of main claims.,False,True,main,"TM is validated through 70 deg under the PEC setup (w_plane=5000 mm, k_obs=5).",True,False,0.22239796587537092,0.0,0.0,0.0,0.20156100829395981,0.0,-0.09398944175291665,0.20156100829395981,0.0,0.09398944175291665,scattered,total,scattered,total,-0.6071044491453245,-0.06537544420991402,0.6106142488328383,-173.85384406692728,-0.2519330741734656,0.8877132324890608,0.9227703164919591,105.84394549829983,0.06540600325949666,-0.0032017927915693164,0.06548432437966686,-2.8025391940653006,-0.20071066634669504,0.915620098062107,0.9373606219383214,102.36409312202048
slab_concrete,concrete,2.concrete__w_5000mm__l_5000mm__freq_6.74GHz,6740000000.0,70.0,5.0,mixed,"Polarization split: TE=exclude, TM=main. Main-use eligibility differs by polarization.",False,True,exclude,TE 70 deg is beyond the reliable PEC trust region for main use.,False,False,main,"TM is validated through 70 deg under the PEC setup (w_plane=5000 mm, k_obs=5).",True,False,0.22239796587537092,0.0,0.0,0.0,0.20898572741088234,0.0,-0.07606458416403158,0.20898572741088234,0.0,0.07606458416403158,scattered,total,scattered,total,0.3798123735997908,0.6080291346041342,0.7169078515869104,58.00856680519205,-0.408818306036407,0.8253354474540778,0.9210380058253298,116.3508676214737,-0.007828845297565534,0.09791571352097282,0.09822819235338923,94.57135609423192,-0.31635356475985366,0.7934698478565468,0.8542095629257253,111.73699151312965
slab_glass,glass,2.glass__w_5000mm__l_5000mm__freq_6.24GHz,6240000000.0,10.0,5.0,main,TE and TM both classified as main.,True,False,main,"TE is validated through 60 deg under the PEC setup (w_plane=5000 mm, k_obs=5).",True,False,main,"TM is validated through 70 deg under the PEC setup (w_plane=5000 mm, k_obs=5).",True,False,0.2402183157051282,0.0,0.0,0.0,0.041713472764414866,0.0,-0.23656885972194452,0.041713472764414866,0.0,0.23656885972194452,scattered,total,scattered,total,0.6016681414183883,0.060872443590107274,0.604739618998531,5.7771159064712725,0.21132752808193347,-0.8643786635009005,0.8898369502559575,-76.26154466572007,-0.5693366518224032,-0.04016703120027115,0.5707517967591412,-175.96443615738616,0.20844341676566777,-0.835474472385465,0.8610843466239048,-75.99120430424735
slab_glass,glass,2.glass__w_5000mm__l_5000mm__freq_6.24GHz,6240000000.0,15.0,5.0,main,TE and TM both classified as main.,True,False,main,"TE is validated through 60 deg under the PEC setup (w_plane=5000 mm, k_obs=5).",True,False,main,"TM is validated through 70 deg under the PEC setup (w_plane=5000 mm, k_obs=5).",True,False,0.2402183157051282,0.0,0.0,0.0,0.06217307508693714,0.0,-0.23203307508724422,0.06217307508693714,0.0,0.23203307508724422,scattered,total,scattered,total,-0.46921154876362736,0.3732888276901538,0.5995865461894981,141.49542993529695,0.22327678966371475,-0.9509756953570231,0.976835348440211,-76.78701128976742,0.43286782157675635,-0.3388887475281044,0.5497455176331807,-38.05710716293704,0.25100560312406595,-0.9238165510909416,0.957309162637253,-74.79941079971621
slab_glass,glass,2.glass__w_5000mm__l_5000mm__freq_6.24GHz,6240000000.0,20.0,5.0,main,TE and TM both classified as main.,True,False,main,"TE is validated through 60 deg under the PEC setup (w_plane=5000 mm, k_obs=5).",True,False,main,"TM is validated through 70 deg under the PEC setup (w_plane=5000 mm, k_obs=5).",True,False,0.2402183157051282,0.0,0.0,0.0,0.08215950276691868,0.0,-0.22573137864572865,0.08215950276691868,0.0,0.22573137864572865,scattered,total,scattered,total,0.4925441922905592,-0.34665120940327604,0.6023012886752885,-35.137774572526716,0.20469422164605963,-1.0872387447053986,1.1063398268000013,-79.33774229845284,-0.4187931148022764,0.30633370361797413,0.5188718637371826,143.81572943019694,0.22991020634343687,-1.0501941174981013,1.0750657595740354,-77.65152853867951
slab_glass,glass,2.glass__w_5000mm__l_5000mm__freq_6.24GHz,6240000000.0,25.0,5.0,main,TE and TM both classified as main.,True,False,main,"TE is validated through 60 deg under the PEC setup (w_plane=5000 mm, k_obs=5).",True,False,main,"TM is validated through 70 deg under the PEC setup (w_plane=5000 mm, k_obs=5).",True,False,0.2402183157051282,0.0,0.0,0.0,0.10152064702157984,0.0,-0.21771173011238606,0.10152064702157984,0.0,0.21771173011238606,scattered,total,scattered,total,-0.5973043580948302,-0.10294626375948776,0.6061109052154688,-170.2210626705455,0.1362612982780588,-1.264318404193942,1.2716399524204713,-83.84871845280045,0.50011573590125,0.1079792313794384,0.5116397792444829,12.183623472735533,0.19550489435811658,-1.268529186489897,1.2835063150194077,-81.23854726776639
slab_glass,glass,2.glass__w_5000mm__l_5000mm__freq_6.24GHz,6240000000.0,30.0,5.0,main,TE and TM both classified as main.,True,False,main,"TE is validated through 60 deg under the PEC setup (w_plane=5000 mm, k_obs=5).",True,False,main,"TM is validated through 70 deg under the PEC setup (w_plane=5000 mm, k_obs=5).",True,False,0.2402183157051282,0.0,0.0,0.0,0.12010915785256408,0.0,-0.2080351638549514,0.12010915785256408,0.0,0.2080351638549514,scattered,total,scattered,total,2.4975000603612162e-05,0.508938319287681,0.5089383199004769,89.99718833879757,0.003851821872162609,-1.351010337430323,1.3510158283215374,-89.836646298977,0.017668885843989006,-0.4322308089797377,0.43259179575928897,-87.65914590702123,0.04726814695485178,-1.4129552130519338,1.413745631932131,-88.0839762797534
slab_glass,glass,2.glass__w_5000mm__l_5000mm__freq_6.24GHz,6240000000.0,35.0,5.0,main,TE and TM both classified as main.,True,False,main,"TE is validated through 60 deg under the PEC setup (w_plane=5000 mm, k_obs=5).",True,False,main,"TM is validated through 70 deg under the PEC setup (w_plane=5000 mm, k_obs=5).",True,False,0.2402183157051282,0.0,0.0,0.0,0.13778356546839798,0.0,-0.1967753243855142,0.13778356546839798,0.0,0.1967753243855142,scattered,total,scattered,total,0.4897736745506072,0.16720740723855235,0.5175292931982143,18.849765865941986,-0.1767671159814899,-1.5419976904627508,1.5520964824020673,-96.53956327948808,-0.31578142833360956,-0.11029012222468146,0.3344874011689376,-160.74768571475218,-0.13734068422539616,-1.5891185707939826,1.5950424118454687,-94.93955372629571
slab_glass,glass,2.glass__w_5000mm__l_5000mm__freq_6.24GHz,6240000000.0,40.0,5.0,main,TE and TM both classified as main.,True,False,main,"TE is validated through 60 deg under the PEC setup (w_plane=5000 mm, k_obs=5).",True,False,main,"TM is validated through 70 deg under the PEC setup (w_plane=5000 mm, k_obs=5).",True,False,0.2402183157051282,0.0,0.0,0.0,0.15440935695502583,0.0,-0.1840179058813138,0.15440935695502583,0.0,0.1840179058813138,scattered,total,scattered,total,0.32111244029181346,-0.203064858734855,0.3799322783907286,-32.30841310315285,-0.38244925516582734,-1.5039185096793015,1.5517855253007444,-104.2679866378855,-0.1938936871410862,0.14606375514585188,0.2427537486435025,143.00859888994495,-0.3454569831846726,-1.6235577632689782,1.6599037134430485,-102.01212530344273
slab_glass,glass,2.glass__w_5000mm__l_5000mm__freq_6.24GHz,6240000000.0,45.0,5.0,main,TE and TM both classified as main.,True,False,main,"TE is validated through 60 deg under the PEC setup (w_plane=5000 mm, k_obs=5).",True,False,main,"TM is validated through 70 deg under the PEC setup (w_plane=5000 mm, k_obs=5).",True,False,0.2402183157051282,0.0,0.0,0.0,0.1698600000003071,0.0,-0.1698600000003071,0.1698600000003071,0.0,0.1698600000003071,scattered,total,scattered,total,-0.03129069051141681,-0.29492573524879634,0.296581011908592,-96.0562452225384,-0.6680983148931569,-1.392017792105927,1.5440430343428047,-115.63865654970424,0.04141310016428701,0.16925187026840216,0.17424477167068544,76.25082054018505,-0.7254256457506093,-1.5085081979425041,1.673869574002834,-115.68240929895119
slab_glass,glass,2.glass__w_5000mm__l_5000mm__freq_6.24GHz,6240000000.0,50.0,5.0,main,TE and TM both classified as main.,True,False,main,"TE is validated through 60 deg under the PEC setup (w_plane=5000 mm, k_obs=5).",True,False,main,"TM is validated through 70 deg under the PEC setup (w_plane=5000 mm, k_obs=5).",True,False,0.2402183157051282,0.0,0.0,0.0,0.18401790588131378,0.0,-0.15440935695502583,0.18401790588131378,0.0,0.15440935695502583,scattered,total,scattered,total,-0.348486637707148,-0.10613396345797518,0.36429020692262903,-163.06153106020142,-0.8266760743315019,-1.1996886405345375,1.4569303916453076,-124.569775767909,0.13726580782898873,-0.008927715651310992,0.13755582905022792,-3.7212543387988157,-0.9527256922216062,-1.2039674280017545,1.5353253115572276,-128.3553372736919
slab_glass,glass,2.glass__w_5000mm__l_5000mm__freq_6.24GHz,6240000000.0,55.0,5.0,main,TE and TM both classified as main.,True,False,main,"TE is validated through 60 deg under the PEC setup (w_plane=5000 mm, k_obs=5).",True,False,main,"TM is validated through 70 deg under the PEC setup (w_plane=5000 mm, k_obs=5).",True,False,0.2402183157051282,0.0,0.0,0.0,0.1967753243855142,0.0,-0.13778356546839798,0.1967753243855142,0.0,0.13778356546839798,scattered,total,scattered,total,-0.2511853415270451,0.4276809325311188,0.49598896746676296,120.42654591550472,-0.8764099383806454,-0.8239080520913336,1.2028794030962964,-136.76859919545993,0.09192602673788189,-0.11823703085097383,0.14976778644377406,-52.13592027557886,-1.0150083296211703,-0.7113564973261839,1.2394635837686137,-144.97576502465293
slab_glass,glass,2.glass__w_5000mm__l_5000mm__freq_6.24GHz,6240000000.0,60.0,5.0,main,TE and TM both classified as main.,True,False,main,"TE is validated through 60 deg under the PEC setup (w_plane=5000 mm, k_obs=5).",True,False,main,"TM is validated through 70 deg under the PEC setup (w_plane=5000 mm, k_obs=5).",True,False,0.2402183157051282,0.0,0.0,0.0,0.20803516385495138,0.0,-0.12010915785256412,0.20803516385495138,0.0,0.12010915785256412,scattered,total,scattered,total,0.4287990720018681,0.5518288727862145,0.6988445814272065,52.15097804642085,-0.6566435396887967,-0.6561010125429957,0.928250654120414,-135.02367902719772,-0.08723879558707338,-0.07949982400843468,0.11802893489672463,-137.657407246531,-0.6912348208764244,-0.33714781588232795,0.7690736163374001,-153.99932588844086
slab_glass,glass,2.glass__w_5000mm__l_5000mm__freq_6.24GHz,6240000000.0,65.0,5.0,mixed,"Polarization split: TE=caution, TM=main. Use row-level results only as caution.",False,True,caution,TE 65 deg is near the PEC transmission limit; keep it out of main claims.,False,True,main,"TM is validated through 70 deg under the PEC setup (w_plane=5000 mm, k_obs=5).",True,False,0.2402183157051282,0.0,0.0,0.0,0.21771173011238606,0.0,-0.10152064702157984,0.21771173011238606,0.0,0.10152064702157984,scattered,total,scattered,total,0.5479080888231254,-0.5998843181942595,0.8124435174294896,-47.59279071440792,-0.35602502346752907,-0.6158578139301026,0.711361134947517,-120.03204097704044,-0.028589261145980444,0.057101493755233323,0.06385864422262673,116.59595908468492,-0.11634386568060916,-0.2742036774739417,0.2978649892514074,-112.9913787882852
slab_glass,glass,2.glass__w_5000mm__l_5000mm__freq_6.24GHz,6240000000.0,70.0,5.0,mixed,"Polarization split: TE=exclude, TM=main. Main-use eligibility differs by polarization.",False,True,exclude,TE 70 deg is beyond the reliable PEC trust region for main use.,False,False,main,"TM is validated through 70 deg under the PEC setup (w_plane=5000 mm, k_obs=5).",True,False,0.2402183157051282,0.0,0.0,0.0,0.22573137864572865,0.0,-0.08215950276691872,0.22573137864572865,0.0,0.08215950276691872,scattered,total,scattered,total,-0.7451122528565268,0.009409415134887052,0.7451716624041131,179.27649677267814,-0.0740183426481824,-0.6882464765568005,0.6922152320927605,-96.13835421970937,-0.022736448244107692,0.03765612326708236,0.04398783579880566,121.12322364593969,0.3189541767724377,-0.6415765365191213,0.7164860215611013,-63.5661329466279
slab_glass,glass,2.glass__w_5000mm__l_5000mm__freq_6.5GHz,6500000000.0,10.0,5.0,main,TE and TM both classified as main.,True,False,main,"TE is validated through 60 deg under the PEC setup (w_plane=5000 mm, k_obs=5).",True,False,main,"TM is validated through 70 deg under the PEC setup (w_plane=5000 mm, k_obs=5).",True,False,0.23060958307692309,0.0,0.0,0.0,0.040044933853838276,0.0,-0.22710610533306677,0.040044933853838276,0.0,0.22710610533306677,scattered,scattered,scattered,scattered,-0.06239347167367273,-0.32691992437504985,0.33282064578520626,-100.80510027511292,-0.1223856541702345,-0.5871856999371695,0.5998043802419084,-101.77346038127952,0.07473810535503149,0.3345230268465663,0.3427702435781851,77.40597873966007,-0.13833633669952333,-0.5708312878756053,0.5873544936996448,-103.62253857223115
slab_glass,glass,2.glass__w_5000mm__l_5000mm__freq_6.5GHz,6500000000.0,15.0,5.0,main,TE and TM both classified as main.,True,False,main,"TE is validated through 60 deg under the PEC setup (w_plane=5000 mm, k_obs=5).",True,False,main,"TM is validated through 70 deg under the PEC setup (w_plane=5000 mm, k_obs=5).",True,False,0.23060958307692309,0.0,0.0,0.0,0.05968615208345966,0.0,-0.22275175208375447,0.05968615208345966,0.0,0.22275175208375447,scattered,scattered,scattered,scattered,0.3372551062447263,0.21687952666942034,0.4009709911907512,32.74396139174885,-0.2218113737625558,-0.5414985385635415,0.5851674570555708,-112.27523599907613,-0.3019424386930068,-0.18671724780203383,0.3550106574606547,-148.2678964482686,-0.21349035236156855,-0.5498782662134915,0.5898679837094246,-111.21871225177429
slab_glass,glass,2.glass__w_5000mm__l_5000mm__freq_6.5GHz,6500000000.0,20.0,5.0,main,TE and TM both classified as main.,True,False,main,"TE is validated through 60 deg under the PEC setup (w_plane=5000 mm, k_obs=5).",True,False,main,"TM is validated through 70 deg under the PEC setup (w_plane=5000 mm, k_obs=5).",True,False,0.23060958307692309,0.0,0.0,0.0,0.07887312265624194,0.0,-0.21670212349989953,0.07887312265624194,0.0,0.21670212349989953,scattered,scattered,scattered,scattered,-0.3912988555227851,-0.2747498780105185,0.4781237180900318,-144.92544832129994,-0.3398577930875057,-0.4577193889812325,0.5700967975455243,-126.5939789250432,0.35095554944793134,0.216780972670319,0.41250913662631644,31.70312068799099,-0.3451983102829637,-0.453384828609668,0.5698417993054137,-127.28493350884945
slab_glass,glass,2.glass__w_5000mm__l_5000mm__freq_6.5GHz,6500000000.0,25.0,5.0,main,TE and TM both classified as main.,True,False,main,"TE is validated through 60 deg under the PEC setup (w_plane=5000 mm, k_obs=5).",True,False,main,"TM is validated through 70 deg under the PEC setup (w_plane=5000 mm, k_obs=5).",True,False,0.23060958307692309,0.0,0.0,0.0,0.09745982114071665,0.0,-0.20900326090789065,0.09745982114071665,0.0,0.20900326090789065,scattered,scattered,scattered,scattered,0.08544318111882575,0.5380215285474897,0.5447638959955787,80.97621733290723,-0.43648093008305816,-0.33568562919120387,0.5506363990617275,-142.4370932058802,-0.05434822086569064,-0.4445683322357591,0.44787803154223826,-96.96979213091092,-0.4816848817209978,-0.3787176767991857,0.6127376306370813,-141.82431932579206
slab_glass,glass,2.glass__w_5000mm__l_5000mm__freq_6.5GHz,6500000000.0,30.0,5.0,main,TE and TM both classified as main.,True,False,main,"TE is validated through 60 deg under the PEC setup (w_plane=5000 mm, k_obs=5).",True,False,main,"TM is validated through 70 deg under the PEC setup (w_plane=5000 mm, k_obs=5).",True,False,0.23060958307692309,0.0,0.0,0.0,0.11530479153846153,0.0,-0.1997137573007534,0.11530479153846153,0.0,0.1997137573007534,scattered,scattered,scattered,scattered,0.5501748948401687,-0.17443547405329932,0.5771656170637591,-17.59145705497136,-0.4689912374175592,-0.14805996299567498,0.49180741496721453,-162.47915673972307,-0.4805086916690497,0.14021621222509073,0.5005488876625873,163.73234011965297,-0.5930418755194058,-0.16089171536232955,0.6144793000515211,-164.8210731650425
slab_glass,glass,2.glass__w_5000mm__l_5000mm__freq_6.5GHz,6500000000.0,35.0,5.0,main,TE and TM both classified as main.,True,False,main,"TE is validated through 60 deg under the PEC setup (w_plane=5000 mm, k_obs=5).",True,False,main,"TM is validated through 70 deg under the PEC setup (w_plane=5000 mm, k_obs=5).",True,False,0.23060958307692309,0.0,0.0,0.0,0.13227222284966206,0.0,-0.18890431141009367,0.13227222284966206,0.0,0.18890431141009367,scattered,scattered,scattered,scattered,0.08770135589926348,-0.6507599100424293,0.6566429687014094,-82.32462943807134,-0.4974875074522638,0.029703788870640548,0.4983734896082834,176.58306268661298,-0.027293273318764216,0.4971670325696512,0.4979156364712454,93.14224626332485,-0.601987642231019,0.05325877427564304,0.6043389929801032,174.94411783818916
slab_glass,glass,2.glass__w_5000mm__l_5000mm__freq_6.5GHz,6500000000.0,40.0,5.0,main,TE and TM both classified as main.,True,False,main,"TE is validated through 60 deg under the PEC setup (w_plane=5000 mm, k_obs=5).",True,False,main,"TM is validated through 70 deg under the PEC setup (w_plane=5000 mm, k_obs=5).",True,False,0.23060958307692309,0.0,0.0,0.0,0.1482329826768248,0.0,-0.17665718964606128,0.1482329826768248,0.0,0.17665718964606128,scattered,scattered,scattered,scattered,-0.4984212089488049,-0.420155861766819,0.6518854575053861,-139.86999949753493,-0.3219800175657788,0.33337762152916256,0.4634779069687149,134.0036451284956,0.34855680419338886,0.31753108148754416,0.4715059209173919,42.33314614788611,-0.44183857982124425,0.42617087059369574,0.6138753469239847,136.0340856772947
slab_glass,glass,2.glass__w_5000mm__l_5000mm__freq_6.5GHz,6500000000.0,45.0,5.0,main,TE and TM both classified as main.,True,False,main,"TE is validated through 60 deg under the PEC setup (w_plane=5000 mm, k_obs=5).",True,False,main,"TM is validated through 70 deg under the PEC setup (w_plane=5000 mm, k_obs=5).",True,False,0.23060958307692309,0.0,0.0,0.0,0.16306560000029482,0.0,-0.16306560000029482,0.16306560000029482,0.0,0.16306560000029482,scattered,scattered,scattered,scattered,-0.7169598698837214,0.0008541806106347146,0.7169603787157267,179.93173827039527,-0.13682800889889088,0.46258011266087445,0.4823922311237841,106.47785395274867,0.4228482840995658,0.04016612893700848,0.4247516795490413,5.426213836509654,-0.18100684579020454,0.6184344914270385,0.6443793125244934,106.31399142082117
slab_glass,glass,2.glass__w_5000mm__l_5000mm__freq_6.5GHz,6500000000.0,50.0,5.0,main,TE and TM both classified as main.,True,False,main,"TE is validated through 60 deg under the PEC setup (w_plane=5000 mm, k_obs=5).",True,False,main,"TM is validated through 70 deg under the PEC setup (w_plane=5000 mm, k_obs=5).",True,False,0.23060958307692309,0.0,0.0,0.0,0.17665718964606125,0.0,-0.1482329826768248,0.17665718964606125,0.0,0.1482329826768248,scattered,scattered,scattered,scattered,-0.5225249037889818,0.47853737971898885,0.7085409648481874,137.516006581628,0.16830473979448168,0.4401327465680085,0.4712147281641215,69.07337561871392,0.30329384037409923,-0.2073797942151164,0.3674146603737712,-34.362707036240224,0.21187668302490642,0.6443512562277746,0.6782921717165455,71.7980123941347
slab_glass,glass,2.glass__w_5000mm__l_5000mm__freq_6.5GHz,6500000000.0,55.0,5.0,main,TE and TM both classified as main.,True,False,main,"TE is validated through 60 deg under the PEC setup (w_plane=5000 mm, k_obs=5).",True,False,main,"TM is validated through 70 deg under the PEC setup (w_plane=5000 mm, k_obs=5).",True,False,0.23060958307692309,0.0,0.0,0.0,0.18890431141009367,0.0,-0.13227222284966206,0.18890431141009367,0.0,0.13227222284966206,scattered,scattered,scattered,scattered,0.006862900679376086,0.6835417758187823,0.683576227421075,89.42475786254906,0.40883905841953405,0.16601058153320264,0.4412583017580103,22.09979008022689,0.012329549334471711,-0.24936312049235068,0.24966774651218723,-87.16936367666521,0.5674594158724737,0.3611695793913976,0.6726467525678601,32.475435212383076
slab_glass,glass,2.glass__w_5000mm__l_5000mm__freq_6.5GHz,6500000000.0,60.0,5.0,main,TE and TM both classified as main.,True,False,main,"TE is validated through 60 deg under the PEC setup (w_plane=5000 mm, k_obs=5).",True,False,main,"TM is validated through 70 deg under the PEC setup (w_plane=5000 mm, k_obs=5).",True,False,0.23060958307692309,0.0,0.0,0.0,0.19971375730075336,0.0,-0.11530479153846157,0.19971375730075336,0.0,0.11530479153846157,scattered,scattered,scattered,scattered,0.6657484755345937,0.12533126635068229,0.6774429562713759,10.661504138031342,0.37724491133878146,-0.0953716439175628,0.38911370265584777,-14.18772456790607,-0.13649646906801569,-0.06885396062303079,0.15287954068976542,-153.23190235222415,0.676523396639685,-0.11772600745655823,0.6866901186361707,-9.871541848985139
slab_glass,glass,2.glass__w_5000mm__l_5000mm__freq_6.5GHz,6500000000.0,65.0,5.0,mixed,"Polarization split: TE=caution, TM=main. Use row-level results only as caution.",False,True,caution,TE 65 deg is near the PEC transmission limit; keep it out of main claims.,False,True,main,"TM is validated through 70 deg under the PEC setup (w_plane=5000 mm, k_obs=5).",True,False,0.23060958307692309,0.0,0.0,0.0,0.20900326090789065,0.0,-0.09745982114071665,0.20900326090789065,0.0,0.09745982114071665,scattered,scattered,scattered,scattered,-0.044212561449579066,-0.6481197125942154,0.6496259788856517,-93.9024807346006,0.10960968187422322,-0.2975335619384,0.317081224357924,-69.77648789804512,-0.039281294997443233,0.04125432258642986,0.05696436841343346,133.59660174254157,0.3290927312093534,-0.5623348562941637,0.6515539243517833,-59.66273830852826
slab_glass,glass,2.glass__w_5000mm__l_5000mm__freq_6.5GHz,6500000000.0,70.0,5.0,mixed,"Polarization split: TE=exclude, TM=main. Main-use eligibility differs by polarization.",False,True,exclude,TE 70 deg is beyond the reliable PEC trust region for main use.,False,False,main,"TM is validated through 70 deg under the PEC setup (w_plane=5000 mm, k_obs=5).",True,False,0.23060958307692309,0.0,0.0,0.0,0.21670212349989953,0.0,-0.07887312265624198,0.21670212349989953,0.0,0.07887312265624198,scattered,scattered,scattered,scattered,-0.41634366226547853,0.3646482713438212,0.5534531659523396,138.7869959416743,-0.12635594077882437,-0.3575673921333248,0.37923642188894335,-109.46221504904807,-0.003076893458931003,-0.05967577962823393,0.0597550495572981,-92.9515665633569,-0.18681895004390447,-0.6542334366899569,0.6803842368681529,-105.93690295255703
slab_glass,glass,2.glass__w_5000mm__l_5000mm__freq_6.74GHz,6740000000.0,10.0,5.0,main,TE and TM both classified as main.,True,False,main,"TE is validated through 60 deg under the PEC setup (w_plane=5000 mm, k_obs=5).",True,False,main,"TM is validated through 70 deg under the PEC setup (w_plane=5000 mm, k_obs=5).",True,False,0.22239796587537092,0.0,0.0,0.0,0.03861900149109032,0.0,-0.21901924104820977,0.03861900149109032,0.0,0.21901924104820977,scattered,total,scattered,total,-0.24598127362812075,-0.4578863158763699,0.519775591233897,-118.24515278662625,-0.8116486626276547,1.3256187304065679,1.5543611452780146,121.47826528796939,0.2623896990659608,0.4235995030925676,0.4982819414710869,58.22473652732445,-0.7855228066589676,1.3480138820394958,1.5601882918265262,120.23046949380645
slab_glass,glass,2.glass__w_5000mm__l_5000mm__freq_6.74GHz,6740000000.0,15.0,5.0,main,TE and TM both classified as main.,True,False,main,"TE is validated through 60 deg under the PEC setup (w_plane=5000 mm, k_obs=5).",True,False,main,"TM is validated through 70 deg under the PEC setup (w_plane=5000 mm, k_obs=5).",True,False,0.22239796587537092,0.0,0.0,0.0,0.057560829160606494,0.0,-0.21481993895317567,0.057560829160606494,0.0,0.21481993895317567,scattered,total,scattered,total,0.46022282967189676,0.13671557610927484,0.48010019964805123,16.544782446872944,-0.7310229575902455,1.3790259883919045,1.5608033960701966,117.9281041701434,-0.43254917802862025,-0.09542926201249866,0.44295094024224074,-167.558669319941,-0.7113546336762939,1.3969181314023331,1.5676114571836097,116.98662495590109
slab_glass,glass,2.glass__w_5000mm__l_5000mm__freq_6.74GHz,6740000000.0,20.0,5.0,main,TE and TM both classified as main.,True,False,main,"TE is validated through 60 deg under the PEC setup (w_plane=5000 mm, k_obs=5).",True,False,main,"TM is validated through 70 deg under the PEC setup (w_plane=5000 mm, k_obs=5).",True,False,0.22239796587537092,0.0,0.0,0.0,0.07606458416403154,0.0,-0.20898572741088234,0.07606458416403154,0.0,0.20898572741088234,scattered,total,scattered,total,-0.3998020070700272,-0.11079622557906889,0.4148703995946083,-164.51047142359903,-0.5846333569345925,1.454727919399502,1.5678104099415255,111.8944554840447,0.40003787993540446,0.11883075826946897,0.41731409572899647,16.54398703725056,-0.6354995303726645,1.5029708151018324,1.6318029673191992,112.92004724054333
slab_glass,glass,2.glass__w_5000mm__l_5000mm__freq_6.74GHz,6740000000.0,25.0,5.0,main,TE and TM both classified as main.,True,False,main,"TE is validated through 60 deg under the PEC setup (w_plane=5000 mm, k_obs=5).",True,False,main,"TM is validated through 70 deg under the PEC setup (w_plane=5000 mm, k_obs=5).",True,False,0.22239796587537092,0.0,0.0,0.0,0.09398944175291665,0.0,-0.20156100829395981,0.09398944175291665,0.0,0.20156100829395981,scattered,total,scattered,total,0.19697680690879285,0.2962709848198886,0.35577571432874744,56.38191353816895,-0.420546645187898,1.508666372389601,1.566184441232256,105.57601967404574,-0.13751740473618138,-0.26950065253645444,0.302558487441601,-117.03374000770333,-0.45460537198729656,1.5203813053145763,1.5868917284395188,106.64705787111922
slab_glass,glass,2.glass__w_5000mm__l_5000mm__freq_6.74GHz,6740000000.0,30.0,5.0,main,TE and TM both classified as main.,True,False,main,"TE is validated through 60 deg under the PEC setup (w_plane=5000 mm, k_obs=5).",True,False,main,"TM is validated through 70 deg under the PEC setup (w_plane=5000 mm, k_obs=5).",True,False,0.22239796587537092,0.0,0.0,0.0,0.11119898293768544,0.0,-0.19260228819805592,0.11119898293768544,0.0,0.19260228819805592,scattered,total,scattered,total,0.16972831964947133,-0.2276493928196314,0.28395765272691625,-53.292931594194066,-0.22221348744966804,1.5024484184359863,1.5187923110370753,98.41310702006483,-0.16481642612658445,0.1640087898871402,0.23251524139587917,135.14072538418074,-0.2576811132247034,1.528411889931185,1.549981439048784,99.56973345918058
slab_glass,glass,2.glass__w_5000mm__l_5000mm__freq_6.74GHz,6740000000.0,35.0,5.0,main,TE and TM both classified as main.,True,False,main,"TE is validated through 60 deg under the PEC setup (w_plane=5000 mm, k_obs=5).",True,False,main,"TM is validated through 70 deg under the PEC setup (w_plane=5000 mm, k_obs=5).",True,False,0.22239796587537092,0.0,0.0,0.0,0.12756223271851683,0.0,-0.18217774839252354,0.12756223271851683,0.0,0.18217774839252354,scattered,total,scattered,total,-0.21093981436441797,-0.15215465159818173,0.2600896831615187,-144.1964159684187,-0.03706578669746428,1.4017617550279688,1.4022517214831984,91.51467849592973,0.1693558771320041,0.09810098030091752,0.19571718231967133,30.08197015408424,0.004041734963376832,1.4407379257355986,1.440743594910083,89.83926726457727
slab_glass,glass,2.glass__w_5000mm__l_5000mm__freq_6.74GHz,6740000000.0,40.0,5.0,main,TE and TM both classified as main.,True,False,main,"TE is validated through 60 deg under the PEC setup (w_plane=5000 mm, k_obs=5).",True,False,main,"TM is validated through 70 deg under the PEC setup (w_plane=5000 mm, k_obs=5).",True,False,0.22239796587537092,0.0,0.0,0.0,0.14295465688417822,0.0,-0.17036672591979202,0.14295465688417822,0.0,0.17036672591979202,scattered,total,scattered,total,-0.30890464181642724,0.23378158658741047,0.3873963189849151,142.8812627525816,0.09381384057934469,1.2550249899493413,1.25852642486425,85.72505795509733,0.15599207969491097,-0.12758230466865356,0.20152114874649904,-39.278937222664986,0.1716522592790776,1.2638905691686528,1.275493578560501,82.26583218120818
slab_glass,glass,2.glass__w_5000mm__l_5000mm__freq_6.74GHz,6740000000.0,45.0,5.0,main,TE and TM both classified as main.,True,False,main,"TE is validated through 60 deg under the PEC setup (w_plane=5000 mm, k_obs=5).",True,False,main,"TM is validated through 70 deg under the PEC setup (w_plane=5000 mm, k_obs=5).",True,False,0.22239796587537092,0.0,0.0,0.0,0.15725910979256918,0.0,-0.15725910979256918,0.15725910979256918,0.0,0.15725910979256918,scattered,total,scattered,total,-0.04243667103352066,0.496912372220492,0.4987211412344619,94.88125663752679,0.10522536988157409,0.9389057305869297,0.9447837580079849,83.60541083044328,-0.031098374693804477,-0.26243295076441,0.2642691101046649,-96.7580498664698,0.2508189225648466,0.8862775900166688,0.9210852829582856,74.19834540299532
slab_glass,glass,2.glass__w_5000mm__l_5000mm__freq_6.74GHz,6740000000.0,50.0,5.0,main,TE and TM both classified as main.,True,False,main,"TE is validated through 60 deg under the PEC setup (w_plane=5000 mm, k_obs=5).",True,False,main,"TM is validated through 70 deg under the PEC setup (w_plane=5000 mm, k_obs=5).",True,False,0.22239796587537092,0.0,0.0,0.0,0.170366725919792,0.0,-0.14295465688417822,0.170366725919792,0.0,0.14295465688417822,scattered,total,scattered,total,0.3925970332085708,0.4750825781615386,0.6163082723416797,50.43047608210079,-0.02721572884587904,0.6482148827262004,0.6487859663127388,92.4041890105344,-0.22159044933154962,-0.1787914567549286,0.284725678932385,-141.10148707545895,0.10178568414842455,0.4882715659380446,0.49876792960369165,78.22468892497157
slab_glass,glass,2.glass__w_5000mm__l_5000mm__freq_6.74GHz,6740000000.0,55.0,5.0,main,TE and TM both classified as main.,True,False,main,"TE is validated through 60 deg under the PEC setup (w_plane=5000 mm, k_obs=5).",True,False,main,"TM is validated through 70 deg under the PEC setup (w_plane=5000 mm, k_obs=5).",True,False,0.22239796587537092,0.0,0.0,0.0,0.18217774839252354,0.0,-0.12756223271851683,0.18217774839252354,0.0,0.12756223271851683,scattered,total,scattered,total,0.752949483445259,-0.024068116876444594,0.7533340552971574,-1.8308427888069818,-0.3133928309141547,0.5571312074064901,0.6392262891454024,119.35826342502763,-0.26331071534415973,0.06213733554896618,0.27054312278115283,166.72198678438852,-0.32365707624110074,0.2619010886551922,0.41634851175393023,141.02045294479535
slab_glass,glass,2.glass__w_5000mm__l_5000mm__freq_6.74GHz,6740000000.0,60.0,5.0,main,TE and TM both classified as main.,True,False,main,"TE is validated through 60 deg under the PEC setup (w_plane=5000 mm, k_obs=5).",True,False,main,"TM is validated through 70 deg under the PEC setup (w_plane=5000 mm, k_obs=5).",True,False,0.22239796587537092,0.0,0.0,0.0,0.1926022881980559,0.0,-0.11119898293768549,0.1926022881980559,0.0,0.11119898293768549,scattered,total,scattered,total,0.20400777994834848,-0.7051610939068125,0.7340785670752867,-73.86449306220395,-0.5582757737235119,0.5900196730192984,0.8122776951735076,133.41649781076143,-0.05703460938275536,0.20782677686203335,0.21551082536221905,105.34606565492167,-0.7983811471855077,0.40109661153037773,0.8934712910678204,153.32562398865903
slab_glass,glass,2.glass__w_5000mm__l_5000mm__freq_6.74GHz,6740000000.0,65.0,5.0,mixed,"Polarization split: TE=caution, TM=main. Use row-level results only as caution.",False,True,caution,TE 65 deg is near the PEC transmission limit; keep it out of main claims.,False,True,main,"TM is validated through 70 deg under the PEC setup (w_plane=5000 mm, k_obs=5).",True,False,0.22239796587537092,0.0,0.0,0.0,0.20156100829395981,0.0,-0.09398944175291665,0.20156100829395981,0.0,0.09398944175291665,scattered,total,scattered,total,-0.7617521141764008,-0.06209118747279671,0.7642784826318207,-175.34006494859008,-0.6110455605492721,0.8658236940713282,1.0597298458957807,125.21211114898959,0.12328173614145978,0.048012603184070045,0.1323011584626661,21.278640446354558,-1.0139670351572572,0.9249253864085138,1.3724489494362029,137.62940255313262
slab_glass,glass,2.glass__w_5000mm__l_5000mm__freq_6.74GHz,6740000000.0,70.0,5.0,mixed,"Polarization split: TE=exclude, TM=main. Main-use eligibility differs by polarization.",False,True,exclude,TE 70 deg is beyond the reliable PEC trust region for main use.,False,False,main,"TM is validated through 70 deg under the PEC setup (w_plane=5000 mm, k_obs=5).",True,False,0.22239796587537092,0.0,0.0,0.0,0.20898572741088234,0.0,-0.07606458416403158,0.20898572741088234,0.0,0.07606458416403158,scattered,total,scattered,total,0.42577473610534294,0.7420588711246606,0.855532287012232,60.15387910791004,-0.6156455932388102,1.0623207549502658,1.227821193363459,120.09353203705393,-0.047350439925525976,0.0849110535175271,0.09722114569679374,119.14611522133167,-0.8475627737264454,1.4465963628147842,1.6766048110141603,120.36609542922888
slab_wood,wood,2.wood__w_5000mm__l_5000mm__freq_6.24GHz,6240000000.0,10.0,5.0,main,TE and TM both classified as main.,True,False,main,"TE is validated through 60 deg under the PEC setup (w_plane=5000 mm, k_obs=5).",True,False,main,"TM is validated through 70 deg under the PEC setup (w_plane=5000 mm, k_obs=5).",True,False,0.2402183157051282,0.0,0.0,0.0,0.041713472764414866,0.0,-0.23656885972194452,0.041713472764414866,0.0,0.23656885972194452,scattered,total,scattered,total,0.14211140560475757,-0.07334471165371619,0.15992216334994563,-27.298581895557668,-0.6409335210941245,-0.41456528743682747,0.7633217906032108,-147.10461342812022,-0.11711944170684394,0.06621460333282317,0.1345412104904885,150.51793523102594,-0.6304952111321389,-0.39952879436863914,0.7464231164629207,-147.63860361223792
slab_wood,wood,2.wood__w_5000mm__l_5000mm__freq_6.24GHz,6240000000.0,15.0,5.0,main,TE and TM both classified as main.,True,False,main,"TE is validated through 60 deg under the PEC setup (w_plane=5000 mm, k_obs=5).",True,False,main,"TM is validated through 70 deg under the PEC setup (w_plane=5000 mm, k_obs=5).",True,False,0.2402183157051282,0.0,0.0,0.0,0.06217307508693714,0.0,-0.23203307508724422,0.06217307508693714,0.0,0.23203307508724422,scattered,total,scattered,total,-0.05488396684628337,0.17820758489335953,0.18646767315089197,107.11766672622868,-0.5952695211956576,-0.401184933636912,0.7178406186903615,-146.0217986518513,0.05031410554446891,-0.14767104790502905,0.15600720369941043,-71.1851266036655,-0.5806828946337257,-0.39654463626058684,0.7031644705666261,-145.671080920349
slab_wood,wood,2.wood__w_5000mm__l_5000mm__freq_6.24GHz,6240000000.0,20.0,5.0,main,TE and TM both classified as main.,True,False,main,"TE is validated through 60 deg under the PEC setup (w_plane=5000 mm, k_obs=5).",True,False,main,"TM is validated through 70 deg under the PEC setup (w_plane=5000 mm, k_obs=5).",True,False,0.2402183157051282,0.0,0.0,0.0,0.08215950276691868,0.0,-0.22573137864572865,0.08215950276691868,0.0,0.22573137864572865,scattered,total,scattered,total,0.08059039412185233,-0.213070929711716,0.22780261787988854,-69.28174264281347,-0.5390827400376186,-0.3847906979754789,0.662324755580616,-144.48121602323164,-0.05761722252995037,0.16062478610921438,0.17064602616145708,109.73326157344867,-0.5247103564031603,-0.3639956713116784,0.6386030119333693,-145.25065277880077
slab_wood,wood,2.wood__w_5000mm__l_5000mm__freq_6.24GHz,6240000000.0,25.0,5.0,main,TE and TM both classified as main.,True,False,main,"TE is validated through 60 deg under the PEC setup (w_plane=5000 mm, k_obs=5).",True,False,main,"TM is validated through 70 deg under the PEC setup (w_plane=5000 mm, k_obs=5).",True,False,0.2402183157051282,0.0,0.0,0.0,0.10152064702157984,0.0,-0.21771173011238606,0.10152064702157984,0.0,0.21771173011238606,scattered,total,scattered,total,-0.2540071086405135,0.0975175424818787,0.272083226847262,158.99737568568048,-0.4658518688874096,-0.37527007403634133,0.5982019660726078,-141.1465873963514,0.18854554616145908,-0.06943822731116574,0.2009255842082835,-20.21792348969629,-0.45992469402105957,-0.3605668312492929,0.5844135213763636,-141.90464402788933
slab_wood,wood,2.wood__w_5000mm__l_5000mm__freq_6.24GHz,6240000000.0,30.0,5.0,main,TE and TM both classified as main.,True,False,main,"TE is validated through 60 deg under the PEC setup (w_plane=5000 mm, k_obs=5).",True,False,main,"TM is validated through 70 deg under the PEC setup (w_plane=5000 mm, k_obs=5).",True,False,0.2402183157051282,0.0,0.0,0.0,0.12010915785256408,0.0,-0.2080351638549514,0.12010915785256408,0.0,0.2080351638549514,scattered,total,scattered,total,0.10442448584820634,0.24976972232479083,0.270720127502307,67.31102218748609,-0.3395004305439145,-0.3517481482202955,0.48886327548294145,-133.98492505777492,-0.07728974419473787,-0.1679794585379322,0.18490755270779205,-114.70783325631004,-0.34738166107709983,-0.3352684443526685,0.48278250613640034,-136.01657256125495
slab_wood,wood,2.wood__w_5000mm__l_5000mm__freq_6.24GHz,6240000000.0,35.0,5.0,main,TE and TM both classified as main.,True,False,main,"TE is validated through 60 deg under the PEC setup (w_plane=5000 mm, k_obs=5).",True,False,main,"TM is validated through 70 deg under the PEC setup (w_plane=5000 mm, k_obs=5).",True,False,0.2402183157051282,0.0,0.0,0.0,0.13778356546839798,0.0,-0.1967753243855142,0.13778356546839798,0.0,0.1967753243855142,scattered,total,scattered,total,0.29683246119940204,0.01639349679992009,0.2972848074810139,3.161126448714865,-0.21568371094392513,-0.4005929848121528,0.45496615549648556,-118.29851552347627,-0.15021009519535053,-0.0020012603152914418,0.15022342607411743,-179.2366892124763,-0.21614673823536537,-0.36252382605040034,0.42206982467834453,-120.80456682072108
slab_wood,wood,2.wood__w_5000mm__l_5000mm__freq_6.24GHz,6240000000.0,40.0,5.0,main,TE and TM both classified as main.,True,False,main,"TE is validated through 60 deg under the PEC setup (w_plane=5000 mm, k_obs=5).",True,False,main,"TM is validated through 70 deg under the PEC setup (w_plane=5000 mm, k_obs=5).",True,False,0.2402183157051282,0.0,0.0,0.0,0.15440935695502583,0.0,-0.1840179058813138,0.15440935695502583,0.0,0.1840179058813138,scattered,total,scattered,total,0.17672472150540114,-0.16064394022923503,0.23882651176855477,-42.2710444661846,-0.051370712584604676,-0.43244406085360737,0.43548457593697687,-96.77450909837496,-0.07039112443539278,0.07336927254520507,0.10167576187613021,133.81322730276236,-0.04528485345988539,-0.41270526110418054,0.41518230995064465,-96.26183550454257
slab_wood,wood,2.wood__w_5000mm__l_5000mm__freq_6.24GHz,6240000000.0,45.0,5.0,main,TE and TM both classified as main.,True,False,main,"TE is validated through 60 deg under the PEC setup (w_plane=5000 mm, k_obs=5).",True,False,main,"TM is validated through 70 deg under the PEC setup (w_plane=5000 mm, k_obs=5).",True,False,0.2402183157051282,0.0,0.0,0.0,0.1698600000003071,0.0,-0.1698600000003071,0.1698600000003071,0.0,0.1698600000003071,scattered,total,scattered,total,-0.027721518031925567,-0.18155796223547963,0.18366212514586186,-98.68126500738325,0.07233276840061695,-0.532656440709816,0.5375452662001099,-82.26674953837163,0.013019055318031608,0.05782987021095657,0.05927722741483486,77.3127000681345,0.0889041634569526,-0.5227968785870135,0.5303022973175819,-80.34889831969502
slab_wood,wood,2.wood__w_5000mm__l_5000mm__freq_6.24GHz,6240000000.0,50.0,5.0,main,TE and TM both classified as main.,True,False,main,"TE is validated through 60 deg under the PEC setup (w_plane=5000 mm, k_obs=5).",True,False,main,"TM is validated through 70 deg under the PEC setup (w_plane=5000 mm, k_obs=5).",True,False,0.2402183157051282,0.0,0.0,0.0,0.18401790588131378,0.0,-0.15440935695502583,0.18401790588131378,0.0,0.15440935695502583,scattered,total,scattered,total,-0.20088739902757685,-0.05065451918105228,0.20717535423290212,-165.8476714064504,0.18866453548885376,-0.7091662562928427,0.7338331458960072,-75.10226472685619,0.04032229306871643,-0.006237193888375408,0.04080183704100398,-8.793024124703555,0.21822933068974307,-0.6964767858719709,0.729865709587623,-72.60249177509412
slab_wood,wood,2.wood__w_5000mm__l_5000mm__freq_6.24GHz,6240000000.0,55.0,5.0,main,TE and TM both classified as main.,True,False,main,"TE is validated through 60 deg under the PEC setup (w_plane=5000 mm, k_obs=5).",True,False,main,"TM is validated through 70 deg under the PEC setup (w_plane=5000 mm, k_obs=5).",True,False,0.2402183157051282,0.0,0.0,0.0,0.1967753243855142,0.0,-0.13778356546839798,0.1967753243855142,0.0,0.13778356546839798,scattered,total,scattered,total,-0.19126972307393814,0.2968620296554142,0.35314468934972393,122.79389030903285,0.15607598571428735,-0.9260946570262041,0.9391544213222706,-80.43375819398412,-0.010070940900659965,0.023951623715996517,0.025982766004743845,112.80529633469625,0.22382555429254958,-0.9615586305900127,0.9872653538013513,-76.89639081704249
slab_wood,wood,2.wood__w_5000mm__l_5000mm__freq_6.24GHz,6240000000.0,60.0,5.0,main,TE and TM both classified as main.,True,False,main,"TE is validated through 60 deg under the PEC setup (w_plane=5000 mm, k_obs=5).",True,False,main,"TM is validated through 70 deg under the PEC setup (w_plane=5000 mm, k_obs=5).",True,False,0.2402183157051282,0.0,0.0,0.0,0.20803516385495138,0.0,-0.12010915785256412,0.20803516385495138,0.0,0.12010915785256412,scattered,total,scattered,total,0.23823200809556902,0.4474943144438213,0.5069572478432406,61.970555966538285,0.09379631122915627,-1.21585939019436,1.2194719368333153,-85.58870880661128,0.029678965957596178,0.10015941427128408,0.10446410525859519,73.49453298145325,0.16504281995644604,-1.264406530681505,1.2751325449729594,-82.56323513265988
slab_wood,wood,2.wood__w_5000mm__l_5000mm__freq_6.24GHz,6240000000.0,65.0,5.0,mixed,"Polarization split: TE=caution, TM=main. Use row-level results only as caution.",False,True,caution,TE 65 deg is near the PEC transmission limit; keep it out of main claims.,False,True,main,"TM is validated through 70 deg under the PEC setup (w_plane=5000 mm, k_obs=5).",True,False,0.2402183157051282,0.0,0.0,0.0,0.21771173011238606,0.0,-0.10152064702157984,0.21771173011238606,0.0,0.10152064702157984,scattered,total,scattered,total,0.49562490011183613,-0.3666499549363031,0.6165032287552601,-36.493038803938795,-0.17699502525140356,-1.3847717489631455,1.3960372615694017,-97.28378448047836,0.18005903898742925,-0.1329661509695772,0.22383309591019143,-36.444333862186234,-0.12435742128189323,-1.4892047621553544,1.494388032558501,-94.77346212995988
slab_wood,wood,2.wood__w_5000mm__l_5000mm__freq_6.24GHz,6240000000.0,70.0,5.0,mixed,"Polarization split: TE=exclude, TM=main. Main-use eligibility differs by polarization.",False,True,exclude,TE 70 deg is beyond the reliable PEC trust region for main use.,False,False,main,"TM is validated through 70 deg under the PEC setup (w_plane=5000 mm, k_obs=5).",True,False,0.2402183157051282,0.0,0.0,0.0,0.22573137864572865,0.0,-0.08215950276691872,0.22573137864572865,0.0,0.08215950276691872,scattered,total,scattered,total,-0.4678582218921802,-0.11921928480743575,0.48280902400649983,-165.70417207490576,-0.3868744337547776,-1.2001006571411885,1.2609176875449848,-107.86767721498872,-0.1578687637352129,-0.06502584168686461,0.17073636592820424,-157.61333099785625,-0.40966120810927115,-1.3511337721485464,1.4118727901868167,-106.86720443607146
slab_wood,wood,2.wood__w_5000mm__l_5000mm__freq_6.5GHz,6500000000.0,10.0,5.0,main,TE and TM both classified as main.,True,False,main,"TE is validated through 60 deg under the PEC setup (w_plane=5000 mm, k_obs=5).",True,False,main,"TM is validated through 70 deg under the PEC setup (w_plane=5000 mm, k_obs=5).",True,False,0.23060958307692309,0.0,0.0,0.0,0.040044933853838276,0.0,-0.22710610533306677,0.040044933853838276,0.0,0.22710610533306677,scattered,scattered,scattered,scattered,0.059630342228052795,-0.09646027987015228,0.11340354186207238,-58.27624618381933,0.5115156096354406,0.3540175439130357,0.6220744652362244,34.686925937532244,-0.0471398038159118,0.09374545458637934,0.10493031668402399,116.69548875643822,0.5153567428076753,0.36487514780279084,0.6314478963789846,35.29868437482285
slab_wood,wood,2.wood__w_5000mm__l_5000mm__freq_6.5GHz,6500000000.0,15.0,5.0,main,TE and TM both classified as main.,True,False,main,"TE is validated through 60 deg under the PEC setup (w_plane=5000 mm, k_obs=5).",True,False,main,"TM is validated through 70 deg under the PEC setup (w_plane=5000 mm, k_obs=5).",True,False,0.23060958307692309,0.0,0.0,0.0,0.05968615208345966,0.0,-0.22275175208375447,0.05968615208345966,0.0,0.22275175208375447,scattered,scattered,scattered,scattered,0.05736457010290766,0.09406366431603487,0.11017561820861774,58.6231420967126,0.5277810223479139,0.3237065825746153,0.6191435690958482,31.522247365032467,-0.043960083164911394,-0.08579340018384321,0.0964001889363864,-117.13036099757626,0.536566497303349,0.3186044446596443,0.624029164531006,30.701150479876816
slab_wood,wood,2.wood__w_5000mm__l_5000mm__freq_6.5GHz,6500000000.0,20.0,5.0,main,TE and TM both classified as main.,True,False,main,"TE is validated through 60 deg under the PEC setup (w_plane=5000 mm, k_obs=5).",True,False,main,"TM is validated through 70 deg under the PEC setup (w_plane=5000 mm, k_obs=5).",True,False,0.23060958307692309,0.0,0.0,0.0,0.07887312265624194,0.0,-0.21670212349989953,0.07887312265624194,0.0,0.21670212349989953,scattered,scattered,scattered,scattered,-0.09690340083970655,-0.08572597450721312,0.12938010588769894,-138.50229267482976,0.5478307078016479,0.27211796704390695,0.6116916481353684,26.414467763921003,0.07509664892372508,0.06607083016289861,0.10002430343665389,41.341661914871395,0.562996334718017,0.2726942328767839,0.6255613619383625,25.843800919438323
slab_wood,wood,2.wood__w_5000mm__l_5000mm__freq_6.5GHz,6500000000.0,25.0,5.0,main,TE and TM both classified as main.,True,False,main,"TE is validated through 60 deg under the PEC setup (w_plane=5000 mm, k_obs=5).",True,False,main,"TM is validated through 70 deg under the PEC setup (w_plane=5000 mm, k_obs=5).",True,False,0.23060958307692309,0.0,0.0,0.0,0.09745982114071665,0.0,-0.20900326090789065,0.09745982114071665,0.0,0.20900326090789065,scattered,scattered,scattered,scattered,0.04109625657102563,0.16919989457807702,0.17411923107280236,76.34802884899646,0.566292802085707,0.18897335897528836,0.5969911792451249,18.453986440321355,-0.021356121830983798,-0.12700310705728934,0.12878615275667302,-99.54523504144368,0.5718777870441263,0.17902336752416853,0.5992441651231829,17.38245785733544
slab_wood,wood,2.wood__w_5000mm__l_5000mm__freq_6.5GHz,6500000000.0,30.0,5.0,main,TE and TM both classified as main.,True,False,main,"TE is validated through 60 deg under the PEC setup (w_plane=5000 mm, k_obs=5).",True,False,main,"TM is validated through 70 deg under the PEC setup (w_plane=5000 mm, k_obs=5).",True,False,0.23060958307692309,0.0,0.0,0.0,0.11530479153846153,0.0,-0.1997137573007534,0.11530479153846153,0.0,0.1997137573007534,scattered,scattered,scattered,scattered,0.20782685028806563,-0.09015536758582543,0.2265391577745299,-23.451218492211613,0.5828618058832244,0.08067800970814226,0.5884189205047037,7.880638054868878,-0.14420148162491897,0.05904463663177945,0.15582148894745138,157.73289779942334,0.5842674241781796,0.07540503640783974,0.5891131830739085,7.353892916555457
slab_wood,wood,2.wood__w_5000mm__l_5000mm__freq_6.5GHz,6500000000.0,35.0,5.0,main,TE and TM both classified as main.,True,False,main,"TE is validated through 60 deg under the PEC setup (w_plane=5000 mm, k_obs=5).",True,False,main,"TM is validated through 70 deg under the PEC setup (w_plane=5000 mm, k_obs=5).",True,False,0.23060958307692309,0.0,0.0,0.0,0.13227222284966206,0.0,-0.18890431141009367,0.13227222284966206,0.0,0.18890431141009367,scattered,scattered,scattered,scattered,0.023199985584898396,-0.2898123178133717,0.29073943469625557,-85.4231320852849,0.5532181057807792,-0.06440024335301263,0.5569539154253256,-6.639928812857064,-0.004066341409814669,0.1567721193771147,0.15682484671267327,91.48579973389674,0.5811530000984805,-0.07433068964078031,0.5858872425185059,-7.28867745348156
slab_wood,wood,2.wood__w_5000mm__l_5000mm__freq_6.5GHz,6500000000.0,40.0,5.0,main,TE and TM both classified as main.,True,False,main,"TE is validated through 60 deg under the PEC setup (w_plane=5000 mm, k_obs=5).",True,False,main,"TM is validated through 70 deg under the PEC setup (w_plane=5000 mm, k_obs=5).",True,False,0.23060958307692309,0.0,0.0,0.0,0.1482329826768248,0.0,-0.17665718964606128,0.1482329826768248,0.0,0.17665718964606128,scattered,scattered,scattered,scattered,-0.2229977829903562,-0.21327142232452193,0.3085655696913358,-136.27716351921754,0.5085975393601544,-0.1768977124928771,0.5384832938248098,-19.178427210527197,0.0875224406724681,0.09111336110403737,0.12634010524350692,46.151599383124555,0.5332045987966612,-0.19763754539377432,0.5686543269220631,-20.337721526247087
slab_wood,wood,2.wood__w_5000mm__l_5000mm__freq_6.5GHz,6500000000.0,45.0,5.0,main,TE and TM both classified as main.,True,False,main,"TE is validated through 60 deg under the PEC setup (w_plane=5000 mm, k_obs=5).",True,False,main,"TM is validated through 70 deg under the PEC setup (w_plane=5000 mm, k_obs=5).",True,False,0.23060958307692309,0.0,0.0,0.0,0.16306560000029482,0.0,-0.16306560000029482,0.16306560000029482,0.0,0.16306560000029482,scattered,scattered,scattered,scattered,-0.3080027642985751,-0.047011399290842144,0.3115698548942863,-171.3217491179891,0.3783059414058995,-0.3367759873099206,0.5064913137770238,-41.67615543231014,0.06971637738858565,0.016092954847506058,0.07154967834946266,12.998174902006696,0.42337025612692286,-0.36079845945702166,0.5562534513326963,-40.4378185529596
slab_wood,wood,2.wood__w_5000mm__l_5000mm__freq_6.5GHz,6500000000.0,50.0,5.0,main,TE and TM both classified as main.,True,False,main,"TE is validated through 60 deg under the PEC setup (w_plane=5000 mm, k_obs=5).",True,False,main,"TM is validated through 70 deg under the PEC setup (w_plane=5000 mm, k_obs=5).",True,False,0.23060958307692309,0.0,0.0,0.0,0.17665718964606125,0.0,-0.1482329826768248,0.17665718964606125,0.0,0.1482329826768248,scattered,scattered,scattered,scattered,-0.1961513937877768,0.16619787810458464,0.2570935704589943,139.7255973568102,0.21039615252523763,-0.44043136295544216,0.48810483143707106,-64.46597243846603,0.025045345708956192,-0.0035684594817499706,0.025298285411347973,-8.108921634165966,0.23498790210374654,-0.4839768183013164,0.5380082478811875,-64.10178322017153
slab_wood,wood,2.wood__w_5000mm__l_5000mm__freq_6.5GHz,6500000000.0,55.0,5.0,main,TE and TM both classified as main.,True,False,main,"TE is validated through 60 deg under the PEC setup (w_plane=5000 mm, k_obs=5).",True,False,main,"TM is validated through 70 deg under the PEC setup (w_plane=5000 mm, k_obs=5).",True,False,0.23060958307692309,0.0,0.0,0.0,0.18890431141009367,0.0,-0.13227222284966206,0.18890431141009367,0.0,0.13227222284966206,scattered,scattered,scattered,scattered,0.07106444482178413,0.19215252557202908,0.20487251743837603,69.70391677662943,0.040351776373212724,-0.5044627290957633,0.5060740172180541,-85.42667032423688,-0.01446875226036301,-0.02306321329458981,0.027226027977718375,-122.10218532464064,0.027315893949631527,-0.549700240586803,0.5503785175344843,-87.15517842318259
slab_wood,wood,2.wood__w_5000mm__l_5000mm__freq_6.5GHz,6500000000.0,60.0,5.0,main,TE and TM both classified as main.,True,False,main,"TE is validated through 60 deg under the PEC setup (w_plane=5000 mm, k_obs=5).",True,False,main,"TM is validated through 70 deg under the PEC setup (w_plane=5000 mm, k_obs=5).",True,False,0.23060958307692309,0.0,0.0,0.0,0.19971375730075336,0.0,-0.11530479153846157,0.19971375730075336,0.0,0.11530479153846157,scattered,scattered,scattered,scattered,0.3268346805714246,-0.16634248394379017,0.36672977843204285,-26.97381488849573,-0.2241545652003893,-0.3491299094672373,0.4148939175075683,-122.70199264350398,0.058784967636635425,-0.051793315201780155,0.07834679265695071,-41.38211396393633,-0.29152157922763833,-0.40912472873409006,0.50236229438237,-125.47174941191196
slab_wood,wood,2.wood__w_5000mm__l_5000mm__freq_6.5GHz,6500000000.0,65.0,5.0,mixed,"Polarization split: TE=caution, TM=main. Use row-level results only as caution.",False,True,caution,TE 65 deg is near the PEC transmission limit; keep it out of main claims.,False,True,main,"TM is validated through 70 deg under the PEC setup (w_plane=5000 mm, k_obs=5).",True,False,0.23060958307692309,0.0,0.0,0.0,0.20900326090789065,0.0,-0.09745982114071665,0.20900326090789065,0.0,0.09745982114071665,scattered,scattered,scattered,scattered,-0.29864423524031614,-0.4054865742111297,0.503594818388505,-126.37195494623832,-0.3663153199459364,-0.09866064735097033,0.37936899842080707,-164.92607332222306,-0.12238554736382302,-0.11307581270396981,0.16662641333895964,-137.2641965967739,-0.4853971891694463,-0.13167899672657166,0.5029411391331153,-164.82204226450295
slab_wood,wood,2.wood__w_5000mm__l_5000mm__freq_6.5GHz,6500000000.0,70.0,5.0,mixed,"Polarization split: TE=exclude, TM=main. Main-use eligibility differs by polarization.",False,True,exclude,TE 70 deg is beyond the reliable PEC trust region for main use.,False,False,main,"TM is validated through 70 deg under the PEC setup (w_plane=5000 mm, k_obs=5).",True,False,0.23060958307692309,0.0,0.0,0.0,0.21670212349989953,0.0,-0.07887312265624198,0.21670212349989953,0.0,0.07887312265624198,scattered,scattered,scattered,scattered,-0.2645700811496237,0.4579239154575964,0.5288588093125938,120.0175999855508,-0.28329895737154454,0.020300796861506192,0.28402538900777224,175.90127264307768,-0.13545077444285145,0.15702884769664796,0.20737640007027144,130.78057193158136,-0.4127162696634559,0.0796231827726407,0.4203267425227234,169.0803829690791
slab_wood,wood,2.wood__w_5000mm__l_5000mm__freq_6.74GHz,6740000000.0,10.0,5.0,main,TE and TM both classified as main.,True,False,main,"TE is validated through 60 deg under the PEC setup (w_plane=5000 mm, k_obs=5).",True,False,main,"TM is validated through 70 deg under the PEC setup (w_plane=5000 mm, k_obs=5).",True,False,0.22239796587537092,0.0,0.0,0.0,0.03861900149109032,0.0,-0.21901924104820977,0.03861900149109032,0.0,0.21901924104820977,scattered,total,scattered,total,-0.12080397845375548,-0.17084836271501241,0.20924331351958625,-125.26348255022805,0.03590494765758076,0.5178848501968303,0.519128002837149,86.0340308157056,0.11914642034120909,0.15297283607720585,0.19389831886230416,52.08593601366221,0.0503789360845925,0.5172851750265166,0.5197326134689157,84.43744770528922
slab_wood,wood,2.wood__w_5000mm__l_5000mm__freq_6.74GHz,6740000000.0,15.0,5.0,main,TE and TM both classified as main.,True,False,main,"TE is validated through 60 deg under the PEC setup (w_plane=5000 mm, k_obs=5).",True,False,main,"TM is validated through 70 deg under the PEC setup (w_plane=5000 mm, k_obs=5).",True,False,0.22239796587537092,0.0,0.0,0.0,0.057560829160606494,0.0,-0.21481993895317567,0.057560829160606494,0.0,0.21481993895317567,scattered,total,scattered,total,0.18433741481843405,0.034905624013441466,0.1876131261125169,10.722418590780528,0.0017553563237805026,0.4791995886700645,0.47920280368272317,89.79012073167581,-0.16161203661461035,-0.020775852795407636,0.162941972610186,-172.67458299673447,0.01506271460582361,0.4761737657467774,0.476411944179366,88.18817761406576
slab_wood,wood,2.wood__w_5000mm__l_5000mm__freq_6.74GHz,6740000000.0,20.0,5.0,main,TE and TM both classified as main.,True,False,main,"TE is validated through 60 deg under the PEC setup (w_plane=5000 mm, k_obs=5).",True,False,main,"TM is validated through 70 deg under the PEC setup (w_plane=5000 mm, k_obs=5).",True,False,0.22239796587537092,0.0,0.0,0.0,0.07606458416403154,0.0,-0.20898572741088234,0.07606458416403154,0.0,0.20898572741088234,scattered,total,scattered,total,-0.15068971269737536,-0.022947882266194375,0.1524270147097313,-171.34120062569613,-0.04120032003646925,0.43698960439101664,0.43892753469898044,95.3860479300205,0.13749109675282717,0.019289239168908737,0.1388375901332584,7.986156717034789,-0.043898421389369655,0.4437927568987787,0.445958610721104,95.6491206227978
slab_wood,wood,2.wood__w_5000mm__l_5000mm__freq_6.74GHz,6740000000.0,25.0,5.0,main,TE and TM both classified as main.,True,False,main,"TE is validated through 60 deg under the PEC setup (w_plane=5000 mm, k_obs=5).",True,False,main,"TM is validated through 70 deg under the PEC setup (w_plane=5000 mm, k_obs=5).",True,False,0.22239796587537092,0.0,0.0,0.0,0.09398944175291665,0.0,-0.20156100829395981,0.09398944175291665,0.0,0.20156100829395981,scattered,total,scattered,total,0.10026043899499894,0.07927157232059957,0.127812901561814,38.33189008996155,-0.11432486766581569,0.39768711764308673,0.41379369123522486,106.03858879068659,-0.06909096557486948,-0.06279013370108844,0.09336038996420463,-137.73531817310868,-0.11585625164155117,0.38701501483591294,0.40398427290288463,106.6655202307959
slab_wood,wood,2.wood__w_5000mm__l_5000mm__freq_6.74GHz,6740000000.0,30.0,5.0,main,TE and TM both classified as main.,True,False,main,"TE is validated through 60 deg under the PEC setup (w_plane=5000 mm, k_obs=5).",True,False,main,"TM is validated through 70 deg under the PEC setup (w_plane=5000 mm, k_obs=5).",True,False,0.22239796587537092,0.0,0.0,0.0,0.11119898293768544,0.0,-0.19260228819805592,0.11119898293768544,0.0,0.19260228819805592,scattered,total,scattered,total,0.008025552206119686,-0.14323569140598472,0.14346035264407947,-86.79304807538344,-0.21264515145880286,0.3671435980926873,0.4242786608579106,120.07890608942701,-0.011865934777087833,0.08699361696203478,0.0877991446443035,97.76721496293658,-0.22120066369288996,0.35137659238312086,0.4152050617381114,122.19147748255327
slab_wood,wood,2.wood__w_5000mm__l_5000mm__freq_6.74GHz,6740000000.0,35.0,5.0,main,TE and TM both classified as main.,True,False,main,"TE is validated through 60 deg under the PEC setup (w_plane=5000 mm, k_obs=5).",True,False,main,"TM is validated through 70 deg under the PEC setup (w_plane=5000 mm, k_obs=5).",True,False,0.22239796587537092,0.0,0.0,0.0,0.12756223271851683,0.0,-0.18217774839252354,0.12756223271851683,0.0,0.18217774839252354,scattered,total,scattered,total,-0.2032106706435654,-0.04435642522831691,0.20799535841562158,-167.6867221491283,-0.3431859231502282,0.35619476738780126,0.49462237127219,133.93439161203875,0.11338766754559054,0.0240126233173968,0.11590241252887083,11.957124567216507,-0.34597658570176676,0.34275563834830935,0.4870125516589988,135.267949338742
slab_wood,wood,2.wood__w_5000mm__l_5000mm__freq_6.74GHz,6740000000.0,40.0,5.0,main,TE and TM both classified as main.,True,False,main,"TE is validated through 60 deg under the PEC setup (w_plane=5000 mm, k_obs=5).",True,False,main,"TM is validated through 70 deg under the PEC setup (w_plane=5000 mm, k_obs=5).",True,False,0.22239796587537092,0.0,0.0,0.0,0.14295465688417822,0.0,-0.17036672591979202,0.14295465688417822,0.0,0.17036672591979202,scattered,total,scattered,total,-0.2561660401760793,0.16129513692928882,0.30271630503910874,147.80339988615177,-0.5210838984258392,0.4017781025425597,0.6579924565535459,142.36623089257046,0.08857479637116437,-0.07240050556018629,0.11439985908017457,-39.262357319257646,-0.5388912724391187,0.36245793385140784,0.6494455768752945,146.0752476964106
slab_wood,wood,2.wood__w_5000mm__l_5000mm__freq_6.74GHz,6740000000.0,45.0,5.0,main,TE and TM both classified as main.,True,False,main,"TE is validated through 60 deg under the PEC setup (w_plane=5000 mm, k_obs=5).",True,False,main,"TM is validated through 70 deg under the PEC setup (w_plane=5000 mm, k_obs=5).",True,False,0.22239796587537092,0.0,0.0,0.0,0.15725910979256918,0.0,-0.15725910979256918,0.15725910979256918,0.0,0.15725910979256918,scattered,total,scattered,total,-0.1382234427977468,0.299966071426182,0.33028073535360686,114.74010480874118,-0.6850739210315346,0.46308862748346785,0.8269083106258175,145.94253179847615,0.030194070147440362,-0.10099190346442265,0.10540894856432168,-73.35464177984747,-0.7049060138305331,0.4338483286621016,0.8277178629323826,148.38895984101424
slab_wood,wood,2.wood__w_5000mm__l_5000mm__freq_6.74GHz,6740000000.0,50.0,5.0,main,TE and TM both classified as main.,True,False,main,"TE is validated through 60 deg under the PEC setup (w_plane=5000 mm, k_obs=5).",True,False,main,"TM is validated through 70 deg under the PEC setup (w_plane=5000 mm, k_obs=5).",True,False,0.22239796587537092,0.0,0.0,0.0,0.170366725919792,0.0,-0.14295465688417822,0.170366725919792,0.0,0.14295465688417822,scattered,total,scattered,total,0.06093941884700732,0.31954955334946844,0.3253083611210381,79.20310005381161,-0.8183356947122625,0.6154428916915637,1.0239351845570475,143.0543990432682,-0.028766660371882236,-0.05651045040432603,0.06341097502681228,-116.97838177037315,-0.8514579971020203,0.5944768533111952,1.0384524302787126,145.0777577933287
slab_wood,wood,2.wood__w_5000mm__l_5000mm__freq_6.74GHz,6740000000.0,55.0,5.0,main,TE and TM both classified as main.,True,False,main,"TE is validated through 60 deg under the PEC setup (w_plane=5000 mm, k_obs=5).",True,False,main,"TM is validated through 70 deg under the PEC setup (w_plane=5000 mm, k_obs=5).",True,False,0.22239796587537092,0.0,0.0,0.0,0.18217774839252354,0.0,-0.12756223271851683,0.18217774839252354,0.0,0.12756223271851683,scattered,total,scattered,total,0.3044116490257168,0.13986103356580282,0.3350038220269298,24.676276003687512,-0.9168951734102337,0.8911551831404039,1.2786142183868399,135.81562616905077,0.017296870510004458,0.03199799072301796,0.03637379743373251,61.60606696957862,-0.9639537093831823,0.8767007928626328,1.303000780521472,137.71397178374613
slab_wood,wood,2.wood__w_5000mm__l_5000mm__freq_6.74GHz,6740000000.0,60.0,5.0,main,TE and TM both classified as main.,True,False,main,"TE is validated through 60 deg under the PEC setup (w_plane=5000 mm, k_obs=5).",True,False,main,"TM is validated through 70 deg under the PEC setup (w_plane=5000 mm, k_obs=5).",True,False,0.22239796587537092,0.0,0.0,0.0,0.1926022881980559,0.0,-0.11119898293768549,0.1926022881980559,0.0,0.11119898293768549,scattered,total,scattered,total,0.07967628167254476,-0.2142812829832565,0.22861491223914754,-69.60333870525383,-0.7949294249568403,1.0685637939715695,1.3318188211799409,126.64641587612354,-0.006080950250195889,0.003139849228839109,0.006843727721439464,152.69079907704526,-0.8406274270317301,1.1048824160505295,1.3883153908156611,127.26495754380775
slab_wood,wood,2.wood__w_5000mm__l_5000mm__freq_6.74GHz,6740000000.0,65.0,5.0,mixed,"Polarization split: TE=caution, TM=main. Use row-level results only as caution.",False,True,caution,TE 65 deg is near the PEC transmission limit; keep it out of main claims.,False,True,main,"TM is validated through 70 deg under the PEC setup (w_plane=5000 mm, k_obs=5).",True,False,0.22239796587537092,0.0,0.0,0.0,0.20156100829395981,0.0,-0.09398944175291665,0.20156100829395981,0.0,0.09398944175291665,scattered,total,scattered,total,-0.31827556730518686,0.0676425292727213,0.32538415528394965,168.00155548337415,-0.5639749175362417,1.242664523381069,1.3646548374149081,114.41060232091837,-0.049789122695887436,0.038827711669917685,0.06313911570768468,142.05135313497817,-0.5820721064504062,1.3285195133609458,1.4504385662579498,113.65995208061231
slab_wood,wood,2.wood__w_5000mm__l_5000mm__freq_6.74GHz,6740000000.0,70.0,5.0,mixed,"Polarization split: TE=exclude, TM=main. Main-use eligibility differs by polarization.",False,True,exclude,TE 70 deg is beyond the reliable PEC trust region for main use.,False,False,main,"TM is validated through 70 deg under the PEC setup (w_plane=5000 mm, k_obs=5).",True,False,0.22239796587537092,0.0,0.0,0.0,0.20898572741088234,0.0,-0.07606458416403158,0.20898572741088234,0.0,0.07606458416403158,scattered,total,scattered,total,0.3368882801388763,0.4016475054982515,0.5242274620504901,50.011218656486044,-0.4333376450612698,1.2600390289050747,1.3324713389004996,108.97850928683239,0.1187006258802209,0.19406497311030185,0.22748857635639277,58.54779054891881,-0.3626290696567284,1.3793350888349227,1.4262065521695475,104.72981553473716
